deck_file,output_file,vdd,temp,width_p,width_n,cload,delay_ps,power_mW,pdp
spice/generated/inverter_0005.cir,spice/outputs/inverter_0005_output.txt,1.602,-24.7,0.645,1.771,12.47,41.20392734588776,0.004606269716341343,0.18979640272769172
spice/generated/inverter_0002.cir,spice/outputs/inverter_0002_output.txt,1.531,43.4,0.54,0.798,13.35,72.17701884150875,0.004118219396683464,0.2972407989878892
spice/generated/inverter_0000.cir,spice/outputs/inverter_0000_output.txt,1.784,-35.9,0.913,0.835,14.99,59.55953089922321,0.007221354643174547,0.43010049500440345
spice/generated/inverter_0001.cir,spice/outputs/inverter_0001_output.txt,1.806,107.2,0.63,1.133,1.57,17.121040313162432,0.002336424536332647,0.04000201867521309
spice/generated/inverter_0008.cir,spice/outputs/inverter_0008_output.txt,1.823,-32.4,0.842,0.934,2.52,24.48594652806999,0.00313256692881022,0.07670386631444748
spice/generated/inverter_0004.cir,spice/outputs/inverter_0004_output.txt,1.883,75.2,1.01,0.733,19.19,78.35884913620959,0.010160536632719893,0.796167957146229
spice/generated/inverter_0010.cir,spice/outputs/inverter_0010_output.txt,1.622,-5.4,0.9,1.905,13.31,40.90769732687146,0.00547096407297452,0.22380454238342953
spice/generated/inverter_0009.cir,spice/outputs/inverter_0009_output.txt,1.54,-23.3,0.917,1.454,7.93,40.69617484534814,0.0035155070752733164,0.14306769060538135
spice/generated/inverter_0006.cir,spice/outputs/inverter_0006_output.txt,1.884,80.4,1.304,1.96,8.19,26.62431605788785,0.0072732414336165825,0.19364507869393321
spice/generated/inverter_0003.cir,spice/outputs/inverter_0003_output.txt,1.727,-3.6,1.384,1.714,1.12,12.902502221883637,0.0026490646057241406,0.03417956196126903
spice/generated/inverter_0007.cir,spice/outputs/inverter_0007_output.txt,1.731,96.9,1.428,1.793,11.97,39.02220567516853,0.007478557112818946,0.29182979380991547
spice/generated/inverter_0012.cir,spice/outputs/inverter_0012_output.txt,1.994,65.6,1.335,1.527,17.01,42.66361742914347,0.012096471329359038,0.5160792250383766
spice/generated/inverter_0015.cir,spice/outputs/inverter_0015_output.txt,1.637,110.9,1.188,0.897,5.69,44.18107410887303,0.0043090654212802615,0.1903791387175654
spice/generated/inverter_0013.cir,spice/outputs/inverter_0013_output.txt,1.866,-2.2,0.548,0.973,6.09,32.24892594443453,0.003924687752977062,0.12656696470078646
spice/generated/inverter_0011.cir,spice/outputs/inverter_0011_output.txt,1.765,-11.8,1.594,0.745,8.21,49.50634635591645,0.006703541477339902,0.33186784618844106
spice/generated/inverter_0014.cir,spice/outputs/inverter_0014_output.txt,1.527,115.6,1.815,0.972,13.45,69.81772601429132,0.006454725713272043,0.4506542713466286
spice/generated/inverter_0019.cir,spice/outputs/inverter_0019_output.txt,1.629,124.4,1.294,1.957,17.35,48.082485299755895,0.0077797109757414065,0.37406783862743576
spice/generated/inverter_0017.cir,spice/outputs/inverter_0017_output.txt,1.532,124.6,1.264,0.636,1.9,37.99364526855245,0.001965077492800509,0.07466045718667898
spice/generated/inverter_0018.cir,spice/outputs/inverter_0018_output.txt,1.466,63.5,1.688,1.133,2.21,33.147803938299084,0.002588927872266404,0.08581727352028458
spice/generated/inverter_0021.cir,spice/outputs/inverter_0021_output.txt,1.785,-21.6,1.152,1.181,19.12,55.888687278029906,0.009229437690757162,0.5158211568507894
spice/generated/inverter_0020.cir,spice/outputs/inverter_0020_output.txt,1.407,78.9,1.523,1.305,6.07,46.5699185356819,0.0034606482367512312,0.16116210646615606
spice/generated/inverter_0016.cir,spice/outputs/inverter_0016_output.txt,1.737,3.4,1.377,1.847,8.59,30.38804974778305,0.006087276539776727,0.18498046231924783
spice/generated/inverter_0022.cir,spice/outputs/inverter_0022_output.txt,1.926,3.5,1.251,0.768,18.34,67.82627338924651,0.011006935278461919,0.7465594013747002
spice/generated/inverter_0023.cir,spice/outputs/inverter_0023_output.txt,1.922,9.2,1.458,1.413,3.9,21.717937112937342,0.0054737079302783756,0.11887764460437218
spice/generated/inverter_0024.cir,spice/outputs/inverter_0024_output.txt,1.858,49.0,1.668,1.296,1.01,13.03829198493033,0.0027955674677163063,0.0364494249076575
spice/generated/inverter_0025.cir,spice/outputs/inverter_0025_output.txt,1.594,-36.8,1.894,1.818,16.8,47.15822124528815,0.00778920291886693,0.36732495457237097
spice/generated/inverter_0028.cir,spice/outputs/inverter_0028_output.txt,1.685,50.7,0.898,1.809,9.04,33.24664855805217,0.004851056800942193,0.16128138059607394
spice/generated/inverter_0027.cir,spice/outputs/inverter_0027_output.txt,1.692,-28.6,1.641,1.649,3.44,25.013793531175953,0.004411403122938855,0.11034592689997733
spice/generated/inverter_0032.cir,spice/outputs/inverter_0032_output.txt,1.443,64.1,0.843,1.858,17.33,55.01044484597795,0.005034235047602087,0.27693550942780376
spice/generated/inverter_0030.cir,spice/outputs/inverter_0030_output.txt,1.997,67.2,1.157,1.276,3.3,20.0057907354658,0.004685265324436457,0.09373243762081004
spice/generated/inverter_0031.cir,spice/outputs/inverter_0031_output.txt,1.535,15.8,1.382,0.845,5.18,46.43552587015504,0.0036621299967873446,0.17005293220568954
spice/generated/inverter_0029.cir,spice/outputs/inverter_0029_output.txt,1.527,49.0,1.595,0.802,6.92,54.58126075403247,0.004452181424688429,0.2430056752651789
spice/generated/inverter_0026.cir,spice/outputs/inverter_0026_output.txt,1.585,-30.4,1.817,1.92,2.63,25.537548713246878,0.0039197215856668225,0.10010008093633177
spice/generated/inverter_0034.cir,spice/outputs/inverter_0034_output.txt,1.961,54.2,1.209,1.677,16.34,39.38700745341708,0.010817698292584166,0.4260767632788297
spice/generated/inverter_0038.cir,spice/outputs/inverter_0038_output.txt,1.653,6.0,0.875,1.885,9.42,33.599219089163725,0.004608554262456419,0.15484382434857258
spice/generated/inverter_0036.cir,spice/outputs/inverter_0036_output.txt,1.837,71.1,1.976,0.648,8.65,54.57309523961415,0.008058826900916577,0.4397951279832849
spice/generated/inverter_0041.cir,spice/outputs/inverter_0041_output.txt,1.528,26.2,0.588,1.068,19.72,74.14240159441799,0.005654458671700664,0.41923514563626996
spice/generated/inverter_0037.cir,spice/outputs/inverter_0037_output.txt,1.604,102.2,0.873,0.785,9.52,60.089646750005755,0.004343863476920327,0.2610212218583942
spice/generated/inverter_0033.cir,spice/outputs/inverter_0033_output.txt,1.443,-0.7,1.503,0.821,3.51,44.997951426868276,0.0028229505392307623,0.12702699124475744
spice/generated/inverter_0035.cir,spice/outputs/inverter_0035_output.txt,1.514,-24.0,1.147,1.135,9.87,51.268967691722445,0.004175634466559962,0.21408046855850538
spice/generated/inverter_0042.cir,spice/outputs/inverter_0042_output.txt,1.559,89.4,1.183,1.135,19.19,72.95282105965785,0.006983338899291422,0.5094542731189551
spice/generated/inverter_0039.cir,spice/outputs/inverter_0039_output.txt,1.917,50.8,0.576,1.999,16.88,35.73440327533227,0.008512239738191419,0.30417980758084096
spice/generated/inverter_0043.cir,spice/outputs/inverter_0043_output.txt,1.997,51.7,1.578,0.732,6.64,41.10925545453571,0.007485824545608025,0.30773667353323403
spice/generated/inverter_0040.cir,spice/outputs/inverter_0040_output.txt,1.981,112.9,1.773,0.749,10.23,54.03419177280927,0.009991977737146898,0.5399084412386363
spice/generated/inverter_0044.cir,spice/outputs/inverter_0044_output.txt,1.981,55.6,1.313,1.622,2.09,11.429686523158566,0.0037891130088228866,0.04330837389166775
spice/generated/inverter_0046.cir,spice/outputs/inverter_0046_output.txt,1.448,-9.3,1.393,1.513,5.47,39.19387595732853,0.0032121528461997646,0.12589672020993337
spice/generated/inverter_0045.cir,spice/outputs/inverter_0045_output.txt,1.751,43.0,1.779,0.736,19.25,83.80655837835617,0.010455826843875013,0.8762668627851948
spice/generated/inverter_0047.cir,spice/outputs/inverter_0047_output.txt,1.472,106.9,0.869,1.392,12.77,56.016321758591694,0.004334718762506334,0.2428150009335592
spice/generated/inverter_0049.cir,spice/outputs/inverter_0049_output.txt,1.83,-0.6,1.094,1.508,6.7,27.926065589926058,0.0056927800205496286,0.15897694824288955
spice/generated/inverter_0048.cir,spice/outputs/inverter_0048_output.txt,1.652,56.3,1.284,1.902,4.88,27.131093224771252,0.004358430368708419,0.11824898064710225
spice/generated/inverter_0050.cir,spice/outputs/inverter_0050_output.txt,1.59,84.1,0.609,1.187,19.97,69.62609944748233,0.006381581170636447,0.444324605218914
spice/generated/inverter_0052.cir,spice/outputs/inverter_0052_output.txt,1.929,105.1,1.054,0.737,16.84,72.38307133754313,0.010085805969300574,0.7300416129725017
spice/generated/inverter_0051.cir,spice/outputs/inverter_0051_output.txt,1.998,-27.9,0.82,0.898,18.73,57.13470393892596,0.010565036792195464,0.6036302492259479
spice/generated/inverter_0053.cir,spice/outputs/inverter_0053_output.txt,1.822,60.9,1.981,1.481,1.15,13.681588514344275,0.0031347235805001083,0.04288799813461444
spice/generated/inverter_0054.cir,spice/outputs/inverter_0054_output.txt,1.89,9.4,1.495,1.908,3.55,15.625461153789484,0.005367604789528322,0.08387130012766918
spice/generated/inverter_0055.cir,spice/outputs/inverter_0055_output.txt,1.469,-22.3,1.33,0.909,12.49,66.71213322386845,0.004545254232548125,0.3032236058981025
spice/generated/inverter_0058.cir,spice/outputs/inverter_0058_output.txt,1.402,87.2,1.456,0.893,15.08,86.13036158047264,0.005026473858883677,0.4329320109404447
spice/generated/inverter_0057.cir,spice/outputs/inverter_0057_output.txt,1.943,99.6,0.638,1.135,6.26,30.394877991218518,0.0048883604076058905,0.14858111816628428
spice/generated/inverter_0056.cir,spice/outputs/inverter_0056_output.txt,1.831,-6.4,1.451,0.896,10.28,47.57127350558683,0.00772513817281007,0.3674946608871972
spice/generated/inverter_0061.cir,spice/outputs/inverter_0061_output.txt,1.476,10.9,1.848,1.694,17.35,55.72303564642972,0.006540943729001382,0.364481240572435
spice/generated/inverter_0059.cir,spice/outputs/inverter_0059_output.txt,1.731,30.6,0.515,0.613,17.78,85.1304298643355,0.0066247018042780055,0.5639637123212256
spice/generated/inverter_0060.cir,spice/outputs/inverter_0060_output.txt,1.942,50.0,1.752,1.374,3.81,22.798446306486245,0.005330593803084655,0.12152925660131382
spice/generated/inverter_0062.cir,spice/outputs/inverter_0062_output.txt,1.939,-5.3,0.874,0.654,15.82,64.13366187076929,0.008906519860906953,0.5712077332046976
spice/generated/inverter_0063.cir,spice/outputs/inverter_0063_output.txt,1.93,27.1,1.431,0.732,18.67,72.49063717777346,0.011845333476413871,0.858675771288452
spice/generated/inverter_0064.cir,spice/outputs/inverter_0064_output.txt,1.919,121.1,1.716,1.822,1.47,11.174278380831085,0.003700209253425613,0.041347168265104955
spice/generated/inverter_0065.cir,spice/outputs/inverter_0065_output.txt,1.842,14.8,1.896,1.703,17.42,42.76106527694488,0.011646606622184225,0.49802130602611816
spice/generated/inverter_0066.cir,spice/outputs/inverter_0066_output.txt,1.886,4.0,1.681,0.662,17.57,72.53700457892478,0.011515028749340498,0.8352656931173622
spice/generated/inverter_0069.cir,spice/outputs/inverter_0069_output.txt,1.919,119.5,0.919,1.462,8.59,31.932862352560633,0.006666463487358677,0.21287926092019596
spice/generated/inverter_0068.cir,spice/outputs/inverter_0068_output.txt,1.877,-2.4,0.535,0.79,7.24,40.66239650263227,0.00432938772059216,0.17604328010834575
spice/generated/inverter_0071.cir,spice/outputs/inverter_0071_output.txt,1.507,118.8,0.898,0.663,9.26,68.55222537398824,0.0037316346248581563,0.2558118578166544
spice/generated/inverter_0067.cir,spice/outputs/inverter_0067_output.txt,1.915,-3.3,1.725,1.19,6.8,30.868032570552707,0.0075797251366663135,0.23397120239445282
spice/generated/inverter_0070.cir,spice/outputs/inverter_0070_output.txt,1.989,48.5,1.909,0.673,19.44,77.2529711670043,0.014637596007578175,1.130797782327694
spice/generated/inverter_0072.cir,spice/outputs/inverter_0072_output.txt,1.837,11.8,1.409,1.267,8.32,35.27527701374044,0.007005212928185056,0.24711082658196368
spice/generated/inverter_0074.cir,spice/outputs/inverter_0074_output.txt,1.723,78.7,1.613,1.506,7.92,35.356764564546,0.0066173100415070005,0.2339666731881691
spice/generated/inverter_0073.cir,spice/outputs/inverter_0073_output.txt,1.746,2.0,1.563,0.503,18.59,100.84032456388323,0.009573233574894612,0.9653679808182367
spice/generated/inverter_0075.cir,spice/outputs/inverter_0075_output.txt,1.442,69.6,0.995,0.971,17.11,81.75404497826746,0.005081712624470964,0.4154505624676288
spice/generated/inverter_0076.cir,spice/outputs/inverter_0076_output.txt,1.832,9.6,0.964,1.113,8.65,38.438993765511405,0.005880288129951004,0.22603235876659736
spice/generated/inverter_0077.cir,spice/outputs/inverter_0077_output.txt,1.577,-19.0,1.131,1.911,13.87,43.06137751688135,0.00559179529436594,0.24079040816781241
spice/generated/inverter_0078.cir,spice/outputs/inverter_0078_output.txt,1.942,61.6,0.951,1.322,1.01,10.310162975588723,0.0023814288102327725,0.024552919148262232
spice/generated/inverter_0079.cir,spice/outputs/inverter_0079_output.txt,1.572,30.9,1.37,1.482,9.83,43.85310777826299,0.005018118261536394,0.2200600809672252
spice/generated/inverter_0080.cir,spice/outputs/inverter_0080_output.txt,1.665,-4.7,1.21,1.852,16.12,43.653167518307,0.007181624113086064,0.3135006404620589
spice/generated/inverter_0084.cir,spice/outputs/inverter_0084_output.txt,1.649,63.9,0.792,1.545,10.39,41.14217739011067,0.004788396061757382,0.19700504018692952
spice/generated/inverter_0081.cir,spice/outputs/inverter_0081_output.txt,1.502,-26.0,1.273,1.449,7.37,41.54764834866067,0.003614627261023058,0.1501792623524685
spice/generated/inverter_0082.cir,spice/outputs/inverter_0082_output.txt,1.891,83.9,1.509,0.837,4.78,34.93523789328469,0.005342859437025406,0.18665406546286367
spice/generated/inverter_0085.cir,spice/outputs/inverter_0085_output.txt,1.546,68.2,0.508,1.626,15.63,51.519388838787535,0.004890353313608593,0.2519480139228542
spice/generated/inverter_0083.cir,spice/outputs/inverter_0083_output.txt,1.415,0.4,1.213,1.775,2.38,29.802045898333397,0.002287381703323019,0.06816865450944064
spice/generated/inverter_0086.cir,spice/outputs/inverter_0086_output.txt,1.464,30.1,0.764,1.937,10.84,43.345737216848164,0.0036445779189167647,0.15797691673969344
spice/generated/inverter_0087.cir,spice/outputs/inverter_0087_output.txt,1.43,1.1,1.773,1.185,16.23,69.73058038102712,0.005643252660711971,0.39350728326822126
spice/generated/inverter_0088.cir,spice/outputs/inverter_0088_output.txt,1.801,123.0,1.393,1.925,17.94,44.165934371960276,0.010220808270456242,0.4514115473013592
spice/generated/inverter_0089.cir,spice/outputs/inverter_0089_output.txt,1.768,78.7,1.257,1.746,11.41,36.69356324867363,0.007271810270787859,0.2668286301035088
spice/generated/inverter_0091.cir,spice/outputs/inverter_0091_output.txt,1.783,86.4,1.282,1.44,6.22,30.496652173715066,0.005806208796693214,0.17706993012071764
spice/generated/inverter_0090.cir,spice/outputs/inverter_0090_output.txt,1.938,82.7,1.212,0.889,5.7,34.78241972207474,0.0058523544835577535,0.20355905000947175
spice/generated/inverter_0092.cir,spice/outputs/inverter_0092_output.txt,1.446,7.1,0.908,0.98,11.26,62.150414007919615,0.0036904132347936225,0.22936071040272948
spice/generated/inverter_0094.cir,spice/outputs/inverter_0094_output.txt,1.645,49.5,1.124,0.81,8.98,54.78944777612224,0.005004841902064187,0.274212524020894
spice/generated/inverter_0093.cir,spice/outputs/inverter_0093_output.txt,1.483,-1.8,1.541,1.56,2.22,28.897754668585954,0.002827435776186195,0.08170654540141156
spice/generated/inverter_0096.cir,spice/outputs/inverter_0096_output.txt,1.628,-39.0,1.028,1.63,17.22,48.075035821579576,0.0067548906706968335,0.32474161096460397
spice/generated/inverter_0095.cir,spice/outputs/inverter_0095_output.txt,1.943,56.4,1.543,1.785,15.55,37.41183234673028,0.011483267828723838,0.42961009080081763
spice/generated/inverter_0097.cir,spice/outputs/inverter_0097_output.txt,1.972,29.1,1.621,1.319,12.46,39.7742531339223,0.010819571204960715,0.4303403639066042
spice/generated/inverter_0098.cir,spice/outputs/inverter_0098_output.txt,1.532,-3.8,1.154,0.544,7.39,64.45635465945222,0.003623071807292905,0.23353000136753402
spice/generated/inverter_0099.cir,spice/outputs/inverter_0099_output.txt,1.807,26.7,0.748,1.201,3.42,25.091535480538454,0.003400642667326692,0.08532734614386062
spice/generated/inverter_0100.cir,spice/outputs/inverter_0100_output.txt,1.773,-35.6,1.091,1.347,1.51,15.786135104467176,0.002995018323396886,0.04727976389349801
spice/generated/inverter_0102.cir,spice/outputs/inverter_0102_output.txt,1.527,13.9,1.642,1.069,15.29,65.67889718480492,0.006398031992066602,0.42021568539203497
spice/generated/inverter_0103.cir,spice/outputs/inverter_0103_output.txt,1.899,1.6,0.623,0.529,11.25,61.636635297832385,0.006134332303799155,0.37809960300498047
spice/generated/inverter_0101.cir,spice/outputs/inverter_0101_output.txt,1.786,-17.6,1.193,0.575,8.2,53.7682060377145,0.005717659335925257,0.3074282852274911
spice/generated/inverter_0104.cir,spice/outputs/inverter_0104_output.txt,2.0,17.7,1.475,1.672,13.38,32.92004233852117,0.011002570530559285,0.362205087698577
spice/generated/inverter_0105.cir,spice/outputs/inverter_0105_output.txt,1.853,116.7,0.799,0.531,3.9,39.778186900230864,0.00364480267165329,0.14498364188748536
spice/generated/inverter_0106.cir,spice/outputs/inverter_0106_output.txt,1.476,70.5,1.346,0.827,14.29,80.69928956894303,0.005275615336378564,0.4257384096847705
spice/generated/inverter_0107.cir,spice/outputs/inverter_0107_output.txt,1.86,-12.3,1.411,1.622,3.18,17.521881982305104,0.00477268664994996,0.08362645221894631
spice/generated/inverter_0108.cir,spice/outputs/inverter_0108_output.txt,1.892,119.2,0.662,0.539,6.93,51.12162806254464,0.004850145259346477,0.24794732199762468
spice/generated/inverter_0109.cir,spice/outputs/inverter_0109_output.txt,1.806,118.1,1.095,1.573,2.44,17.978586000419508,0.003336211478227643,0.05998036497690238
spice/generated/inverter_0110.cir,spice/outputs/inverter_0110_output.txt,1.814,63.5,0.653,1.659,17.16,44.134816686946536,0.007824894541940132,0.34535028620321623
spice/generated/inverter_0111.cir,spice/outputs/inverter_0111_output.txt,1.76,-20.0,1.976,1.674,7.6,29.814659064245316,0.007603318743132101,0.22669035608326982
spice/generated/inverter_0112.cir,spice/outputs/inverter_0112_output.txt,1.657,21.1,1.259,1.012,17.14,64.6327690206545,0.0074389384200486425,0.4807991886618764
spice/generated/inverter_0113.cir,spice/outputs/inverter_0113_output.txt,1.893,-22.6,1.941,1.453,16.75,43.6603511276049,0.012164682217111453,0.5311142969548173
spice/generated/inverter_0114.cir,spice/outputs/inverter_0114_output.txt,1.824,31.9,1.601,1.948,6.13,24.779104545204348,0.00661617660149338,0.16394293169793928
spice/generated/inverter_0115.cir,spice/outputs/inverter_0115_output.txt,1.885,48.8,1.225,1.153,14.89,49.73892837114889,0.009412296413510378,0.4681575371196142
spice/generated/inverter_0117.cir,spice/outputs/inverter_0117_output.txt,1.546,36.7,1.415,1.068,1.55,28.55932418520305,0.002253590069499121,0.06436100937537967
spice/generated/inverter_0116.cir,spice/outputs/inverter_0116_output.txt,1.561,100.5,1.746,0.63,17.75,107.14870912095974,0.007627365187181219,0.8172623338006151
spice/generated/inverter_0118.cir,spice/outputs/inverter_0118_output.txt,1.911,-10.0,0.818,1.697,7.47,25.20066632814729,0.005705612912877325,0.14378524721498998
spice/generated/inverter_0119.cir,spice/outputs/inverter_0119_output.txt,1.928,75.7,0.914,0.515,19.01,95.85169491063931,0.010249508302880225,0.9824327428317399
spice/generated/inverter_0120.cir,spice/outputs/inverter_0120_output.txt,1.451,78.8,1.233,1.637,14.12,54.23377440077722,0.004991945524057368,0.2707320473726969
spice/generated/inverter_0121.cir,spice/outputs/inverter_0121_output.txt,1.788,41.0,1.689,0.64,5.21,44.776810549939015,0.005247042365132729,0.23494582193105215
spice/generated/inverter_0122.cir,spice/outputs/inverter_0122_output.txt,1.815,10.5,1.372,1.21,11.09,42.75313648736823,0.0076610384146193165,0.3275334209751908
spice/generated/inverter_0123.cir,spice/outputs/inverter_0123_output.txt,1.655,83.1,0.996,1.554,6.15,31.9704767691439,0.004152206782989375,0.13274803049624354
spice/generated/inverter_0125.cir,spice/outputs/inverter_0125_output.txt,1.857,-9.5,0.825,1.226,14.77,46.09121576443434,0.007733537696075346,0.3564481545721952
spice/generated/inverter_0124.cir,spice/outputs/inverter_0124_output.txt,1.551,-20.1,0.789,0.679,11.18,66.05330682999663,0.00404122879844901,0.26693652579417104
spice/generated/inverter_0127.cir,spice/outputs/inverter_0127_output.txt,1.536,-10.4,0.521,1.301,6.21,39.001543387953745,0.0024664738600823064,0.09619628726925383
spice/generated/inverter_0126.cir,spice/outputs/inverter_0126_output.txt,1.986,46.6,0.924,0.651,4.69,33.15164653547947,0.005003076816555417,0.16586023421229706
spice/generated/inverter_0129.cir,spice/outputs/inverter_0129_output.txt,1.695,104.0,1.361,1.204,9.37,45.500175446783565,0.006237553430778455,0.28380977545910646
spice/generated/inverter_0128.cir,spice/outputs/inverter_0128_output.txt,1.985,51.3,1.546,0.689,17.5,71.20704791182524,0.012714422784566227,0.9053565123918099
spice/generated/inverter_0130.cir,spice/outputs/inverter_0130_output.txt,1.511,-31.5,1.912,1.217,16.62,63.14285773341198,0.0067557551106522135,0.4265776838336836
spice/generated/inverter_0131.cir,spice/outputs/inverter_0131_output.txt,1.64,-27.8,1.444,0.58,3.83,42.71187072470969,0.004003988296267284,0.17101783049341884
spice/generated/inverter_0132.cir,spice/outputs/inverter_0132_output.txt,1.738,10.1,1.991,0.678,15.52,73.86145409644597,0.009609417281819339,0.7097655334546937
spice/generated/inverter_0133.cir,spice/outputs/inverter_0133_output.txt,1.764,90.5,0.839,1.284,9.56,41.26495485230894,0.005433014716167381,0.22419310697457706
spice/generated/inverter_0134.cir,spice/outputs/inverter_0134_output.txt,1.666,101.9,1.985,0.958,12.8,61.62529969238319,0.008194502219327108,0.5049886550959322
spice/generated/inverter_0135.cir,spice/outputs/inverter_0135_output.txt,1.766,82.1,1.921,0.812,5.01,41.14461616462533,0.0053580145977309085,0.22045345402809763
spice/generated/inverter_0137.cir,spice/outputs/inverter_0137_output.txt,1.67,58.0,0.937,0.847,14.43,67.04665495309925,0.006211751325828803,0.41647714779730055
spice/generated/inverter_0138.cir,spice/outputs/inverter_0138_output.txt,1.822,34.9,1.531,1.886,15.97,39.57063050591981,0.009989568911741645,0.39529354031995206
spice/generated/inverter_0136.cir,spice/outputs/inverter_0136_output.txt,1.796,-14.1,0.761,0.613,1.05,20.973632669104855,0.0016428904918898925,0.034457381692463596
spice/generated/inverter_0139.cir,spice/outputs/inverter_0139_output.txt,1.775,69.1,1.901,1.138,11.35,48.283412291738685,0.00875221795221059,0.42258694785374074
spice/generated/inverter_0140.cir,spice/outputs/inverter_0140_output.txt,1.789,109.9,1.74,0.607,4.15,43.084444687512125,0.004465129307237461,0.19237761666026174
spice/generated/inverter_0142.cir,spice/outputs/inverter_0142_output.txt,1.813,75.5,1.914,1.251,10.38,43.27361930787233,0.009004536947600861,0.3896589039141504
spice/generated/inverter_0141.cir,spice/outputs/inverter_0141_output.txt,1.585,83.6,1.354,0.933,3.36,36.22405264455117,0.0030179074295227384,0.10932083760341378
spice/generated/inverter_0143.cir,spice/outputs/inverter_0143_output.txt,1.448,-33.4,1.148,0.983,5.76,47.197607045125466,0.002716529445346409,0.12821368928797244
spice/generated/inverter_0144.cir,spice/outputs/inverter_0144_output.txt,1.455,118.7,1.754,1.363,19.06,72.72912265303398,0.006861217265507092,0.4990103120521797
spice/generated/inverter_0145.cir,spice/outputs/inverter_0145_output.txt,2.0,70.9,0.904,0.56,15.37,77.87897510448845,0.009626331223466424,0.7496888096999015
spice/generated/inverter_0147.cir,spice/outputs/inverter_0147_output.txt,1.781,41.1,0.637,1.022,7.33,38.80405132078819,0.004239087748605216,0.16449377855020125
spice/generated/inverter_0146.cir,spice/outputs/inverter_0146_output.txt,1.682,67.5,1.874,0.772,12.12,66.1888086680157,0.007814078807193802,0.5172045670861468
spice/generated/inverter_0148.cir,spice/outputs/inverter_0148_output.txt,1.802,101.5,0.995,1.541,6.48,29.20348115411967,0.0051336008288279805,0.14991901505745106
spice/generated/inverter_0149.cir,spice/outputs/inverter_0149_output.txt,1.967,94.2,1.325,1.182,6.98,32.12198447606208,0.007239764559231096,0.2325556047819657
spice/generated/inverter_0150.cir,spice/outputs/inverter_0150_output.txt,1.594,120.1,1.106,1.272,19.77,68.71981470028025,0.007460976451315811,0.5127169192175771
spice/generated/inverter_0151.cir,spice/outputs/inverter_0151_output.txt,1.795,49.5,1.12,0.781,7.87,47.551608576434205,0.0058855728337571965,0.2798684556389169
spice/generated/inverter_0152.cir,spice/outputs/inverter_0152_output.txt,1.854,63.2,1.64,0.805,11.44,55.84167649630873,0.008887366719473343,0.49628545725289097
spice/generated/inverter_0153.cir,spice/outputs/inverter_0153_output.txt,1.957,32.3,1.547,0.682,19.49,76.0624864497627,0.01303652511616857,0.9915905150005629
spice/generated/inverter_0154.cir,spice/outputs/inverter_0154_output.txt,1.765,-0.5,0.738,1.326,11.49,41.654500593771694,0.005659385338067313,0.23573886992490772
spice/generated/inverter_0155.cir,spice/outputs/inverter_0155_output.txt,1.456,123.7,1.869,1.192,3.23,38.375237435682116,0.0030448338578188045,0.11684622224600058
spice/generated/inverter_0157.cir,spice/outputs/inverter_0157_output.txt,1.901,121.7,0.866,1.327,8.29,34.07009358364529,0.006171619858162211,0.2102676661302702
spice/generated/inverter_0156.cir,spice/outputs/inverter_0156_output.txt,1.899,42.2,1.575,1.263,6.2,29.860356538397294,0.006615755629064656,0.1975488218547795
spice/generated/inverter_0158.cir,spice/outputs/inverter_0158_output.txt,1.953,43.9,1.819,1.796,6.25,23.501874527286702,0.007754984182710271,0.1822566652231498
spice/generated/inverter_0160.cir,spice/outputs/inverter_0160_output.txt,1.57,9.3,1.38,1.998,10.3,38.0556257934964,0.005211140385666488,0.19831320847430037
spice/generated/inverter_0162.cir,spice/outputs/inverter_0162_output.txt,1.673,13.1,0.783,1.546,11.86,41.67107735692548,0.0052426213553796305,0.21846568005309408
spice/generated/inverter_0161.cir,spice/outputs/inverter_0161_output.txt,1.489,48.9,1.018,1.328,11.33,52.88478454049418,0.004309438509380095,0.22790372705907475
spice/generated/inverter_0159.cir,spice/outputs/inverter_0159_output.txt,1.874,28.5,1.901,1.262,16.59,50.44490589258032,0.011829880337218688,0.596757200331483
spice/generated/inverter_0163.cir,spice/outputs/inverter_0163_output.txt,1.54,88.0,0.565,1.617,14.4,50.62536204977576,0.004698871770136074,0.23788208458860946
spice/generated/inverter_0164.cir,spice/outputs/inverter_0164_output.txt,1.887,23.7,1.496,1.731,19.64,43.69582087074445,0.01196160628604181,0.5226722056012537
spice/generated/inverter_0165.cir,spice/outputs/inverter_0165_output.txt,1.697,-33.9,1.253,1.385,17.52,51.266822446364195,0.007950350125451826,0.4075891882679681
spice/generated/inverter_0166.cir,spice/outputs/inverter_0166_output.txt,1.925,32.7,1.289,1.185,14.73,47.09627924594582,0.010009589280632657,0.47141441189790156
spice/generated/inverter_0167.cir,spice/outputs/inverter_0167_output.txt,1.646,68.0,0.732,1.204,19.41,64.63985388860569,0.006991720001070476,0.4519437592992376
spice/generated/inverter_0168.cir,spice/outputs/inverter_0168_output.txt,1.603,74.3,1.475,1.778,17.19,50.442937219980536,0.007715972311394931,0.38921630689480263
spice/generated/inverter_0170.cir,spice/outputs/inverter_0170_output.txt,1.923,-34.1,0.603,1.447,18.5,43.509590610938254,0.009037239046400773,0.39320657116208363
spice/generated/inverter_0169.cir,spice/outputs/inverter_0169_output.txt,1.916,22.7,0.975,1.578,15.43,39.703853714561006,0.009112311008067841,0.3617938632659095
spice/generated/inverter_0172.cir,spice/outputs/inverter_0172_output.txt,1.924,33.2,1.541,1.855,1.87,10.756586331813374,0.003774692345364831,0.04060280408895191
spice/generated/inverter_0171.cir,spice/outputs/inverter_0171_output.txt,1.998,83.2,1.151,0.648,13.04,61.91799730852108,0.009654161393417038,0.5977663391736243
spice/generated/inverter_0173.cir,spice/outputs/inverter_0173_output.txt,1.878,8.4,1.062,0.718,11.09,53.81690320275996,0.007310799566985744,0.3934445926312512
spice/generated/inverter_0174.cir,spice/outputs/inverter_0174_output.txt,1.74,90.8,0.755,0.618,17.55,89.88517341822336,0.007346584240715605,0.660348998508309
spice/generated/inverter_0175.cir,spice/outputs/inverter_0175_output.txt,1.772,-0.3,1.869,0.715,9.76,54.77006348073452,0.007814102434706094,0.42797888639381493
spice/generated/inverter_0176.cir,spice/outputs/inverter_0176_output.txt,1.552,2.1,0.514,1.707,18.12,51.61694868150836,0.005450338879408875,0.2813298622352777
spice/generated/inverter_0177.cir,spice/outputs/inverter_0177_output.txt,1.807,-13.9,1.163,1.018,12.16,47.8079092779539,0.007315871508111072,0.3497565213489419
spice/generated/inverter_0178.cir,spice/outputs/inverter_0178_output.txt,1.783,30.0,0.875,1.768,4.79,23.694246263575394,0.004288216463188215,0.10160605691029986
spice/generated/inverter_0179.cir,spice/outputs/inverter_0179_output.txt,1.631,39.7,0.856,1.358,11.92,47.22846361460248,0.00512715115570142,0.24214747180361157
spice/generated/inverter_0181.cir,spice/outputs/inverter_0181_output.txt,1.74,73.2,1.617,0.574,12.52,76.86808439407429,0.008033750855052658,0.6175390387271542
spice/generated/inverter_0180.cir,spice/outputs/inverter_0180_output.txt,1.996,8.7,1.967,1.487,6.22,25.083660243028817,0.008292787971426623,0.20801347594274155
spice/generated/inverter_0183.cir,spice/outputs/inverter_0183_output.txt,1.611,65.0,1.431,1.517,14.7,50.79723943648608,0.006992477987827435,0.3551985786020286
spice/generated/inverter_0182.cir,spice/outputs/inverter_0182_output.txt,1.698,109.2,0.929,1.698,12.53,41.91911619876739,0.0061655991348090215,0.25845646656707905
spice/generated/inverter_0184.cir,spice/outputs/inverter_0184_output.txt,1.796,98.3,1.442,1.855,13.28,38.268540683635024,0.008668046817936063,0.3317135022998393
spice/generated/inverter_0185.cir,spice/outputs/inverter_0185_output.txt,1.585,32.7,1.369,1.599,2.71,26.67977215728369,0.003111336365710322,0.08300974534182247
spice/generated/inverter_0186.cir,spice/outputs/inverter_0186_output.txt,1.577,83.3,0.763,0.698,11.25,69.3656875477732,0.004341444981161851,0.3011473160691211
spice/generated/inverter_0187.cir,spice/outputs/inverter_0187_output.txt,1.983,47.6,1.87,1.746,5.88,22.681794049844722,0.007837201712557565,0.17776179517132104
spice/generated/inverter_0189.cir,spice/outputs/inverter_0189_output.txt,1.469,118.9,0.711,1.95,17.34,53.386265272215596,0.005155034730865526,0.27520805162947154
spice/generated/inverter_0188.cir,spice/outputs/inverter_0188_output.txt,1.895,39.5,1.71,1.62,7.44,27.82419213885111,0.00796636393372753,0.22165764074004854
spice/generated/inverter_0191.cir,spice/outputs/inverter_0191_output.txt,1.874,-37.7,1.305,1.182,13.78,44.496738357288535,0.008857703713729827,0.3941389245962191
spice/generated/inverter_0193.cir,spice/outputs/inverter_0193_output.txt,1.54,-35.9,1.826,1.342,18.39,60.62988809735385,0.007403742758602471,0.44888809495566173
spice/generated/inverter_0190.cir,spice/outputs/inverter_0190_output.txt,1.835,121.7,1.951,1.707,7.95,30.878504844784377,0.007831653423140059,0.24182974816910247
spice/generated/inverter_0192.cir,spice/outputs/inverter_0192_output.txt,1.803,56.5,1.734,1.91,3.06,17.776802458914446,0.004509250994971241,0.08016006417526716
spice/generated/inverter_0194.cir,spice/outputs/inverter_0194_output.txt,1.533,-29.6,1.736,1.864,6.74,34.105782396042194,0.004445530968264851,0.15161831183850777
spice/generated/inverter_0195.cir,spice/outputs/inverter_0195_output.txt,1.645,-16.9,1.919,0.957,10.36,52.37120346689434,0.0067486424881289695,0.35343452887113036
spice/generated/inverter_0196.cir,spice/outputs/inverter_0196_output.txt,1.458,106.4,0.703,1.18,13.74,64.3073295075875,0.004145326291300381,0.2665748637311192
spice/generated/inverter_0197.cir,spice/outputs/inverter_0197_output.txt,1.846,116.1,1.129,1.613,3.94,22.570799158458396,0.004541054204330668,0.10249522241362059
spice/generated/inverter_0198.cir,spice/outputs/inverter_0198_output.txt,1.649,-23.7,1.234,1.112,19.08,63.13293083994462,0.007749145118468827,0.4892262428329869
spice/generated/inverter_0199.cir,spice/outputs/inverter_0199_output.txt,1.42,21.1,1.165,1.926,17.25,54.57353504403897,0.005167817064109507,0.28202604564936273
spice/generated/inverter_0200.cir,spice/outputs/inverter_0200_output.txt,1.46,73.1,1.317,1.967,7.81,39.12064774270493,0.00389896428302214,0.15253000827749724
spice/generated/inverter_0201.cir,spice/outputs/inverter_0201_output.txt,1.639,-8.7,0.683,1.772,9.64,35.19762135741475,0.004191308337737435,0.14752408386385762
spice/generated/inverter_0203.cir,spice/outputs/inverter_0203_output.txt,1.546,-19.2,1.347,0.603,15.54,89.22902098135042,0.005925785162378264,0.5287520085848251
spice/generated/inverter_0202.cir,spice/outputs/inverter_0202_output.txt,1.798,65.9,1.396,0.532,15.95,88.72927897922548,0.009145481835047627,0.81147200914138
spice/generated/inverter_0204.cir,spice/outputs/inverter_0204_output.txt,1.524,-4.4,1.805,0.993,3.8,39.49044633882972,0.003837119115880491,0.15152954654137626
spice/generated/inverter_0205.cir,spice/outputs/inverter_0205_output.txt,1.94,-39.5,1.788,0.717,3.47,28.82683645724435,0.004992732324211519,0.14392467818484295
spice/generated/inverter_0206.cir,spice/outputs/inverter_0206_output.txt,1.55,-11.2,1.492,0.539,1.28,32.779858514117024,0.0020133677882013183,0.06599791123411994
spice/generated/inverter_0207.cir,spice/outputs/inverter_0207_output.txt,1.874,-0.7,0.986,0.761,2.0,24.212752176698185,0.0028481174603133185,0.06896076223669341
spice/generated/inverter_0208.cir,spice/outputs/inverter_0208_output.txt,1.845,46.8,1.618,1.214,15.78,51.389710814559194,0.010531227629437092,0.5411967423990679
spice/generated/inverter_0209.cir,spice/outputs/inverter_0209_output.txt,1.708,-22.0,1.256,1.918,1.82,15.444414438213279,0.0032646733734536877,0.050420968585018586
spice/generated/inverter_0210.cir,spice/outputs/inverter_0210_output.txt,1.87,103.1,1.282,1.187,19.32,59.138691231309025,0.01103237132330078,0.652440001237833
spice/generated/inverter_0211.cir,spice/outputs/inverter_0211_output.txt,1.436,39.0,1.102,1.529,10.32,49.43473930086046,0.003854998948340301,0.190570868016294
spice/generated/inverter_0212.cir,spice/outputs/inverter_0212_output.txt,1.946,-27.9,0.621,1.412,2.25,11.946353308180461,0.0037268835948733032,0.04452266816281818
spice/generated/inverter_0213.cir,spice/outputs/inverter_0213_output.txt,1.565,64.5,1.323,0.988,19.9,79.53536983471977,0.007398003592927783,0.5884029518020969
spice/generated/inverter_0214.cir,spice/outputs/inverter_0214_output.txt,1.718,34.9,1.408,0.649,14.33,73.11798538098603,0.007623918519803308,0.5574455628768069
spice/generated/inverter_0215.cir,spice/outputs/inverter_0215_output.txt,1.912,67.4,1.653,1.581,5.09,24.39746031221611,0.006326565626556292,0.15435213378653778
spice/generated/inverter_0216.cir,spice/outputs/inverter_0216_output.txt,1.671,-2.3,1.008,1.18,8.9,42.79673648169278,0.004760799030947217,0.20374666156974638
spice/generated/inverter_0217.cir,spice/outputs/inverter_0217_output.txt,1.457,30.4,1.498,1.061,3.9,41.45357224619187,0.003236510339848267,0.13416491519844712
spice/generated/inverter_0218.cir,spice/outputs/inverter_0218_output.txt,1.954,-28.9,1.748,0.64,2.83,28.421989728506258,0.004194961291526403,0.11922914673924478
spice/generated/inverter_0219.cir,spice/outputs/inverter_0219_output.txt,1.843,93.9,1.335,1.38,11.67,41.94698873422101,0.00827551411783587,0.34713289747074816
spice/generated/inverter_0220.cir,spice/outputs/inverter_0220_output.txt,1.598,-19.8,1.03,1.498,15.26,49.641784670418815,0.006016396787179558,0.2986646738009672
spice/generated/inverter_0221.cir,spice/outputs/inverter_0221_output.txt,1.921,79.0,1.953,1.401,7.68,31.566563287147,0.008348107084600943,0.26352105061393594
spice/generated/inverter_0222.cir,spice/outputs/inverter_0222_output.txt,1.747,-4.9,1.485,0.836,3.06,30.656651096423293,0.003929916827378846,0.12047808901491605
spice/generated/inverter_0223.cir,spice/outputs/inverter_0223_output.txt,1.907,20.6,1.644,1.361,16.34,46.00608563234459,0.011609112099688106,0.5340898053737387
spice/generated/inverter_0224.cir,spice/outputs/inverter_0224_output.txt,1.907,120.8,1.728,1.42,13.21,43.46726986914074,0.010617082796894507,0.46149560315562516
spice/generated/inverter_0225.cir,spice/outputs/inverter_0225_output.txt,1.416,113.3,1.744,0.901,4.43,49.62152958988393,0.0032577925301303908,0.16165664843156802
spice/generated/inverter_0227.cir,spice/outputs/inverter_0227_output.txt,1.74,26.1,0.713,1.45,1.58,15.431885247872776,0.002263006791842866,0.034922461126875824
spice/generated/inverter_0226.cir,spice/outputs/inverter_0226_output.txt,1.822,11.0,1.01,0.509,17.53,90.73293052940716,0.008695851064318201,0.7890000505128546
spice/generated/inverter_0228.cir,spice/outputs/inverter_0228_output.txt,1.848,-4.5,1.13,1.011,8.03,38.366765608882176,0.006101053405957396,0.23407768599363968
spice/generated/inverter_0229.cir,spice/outputs/inverter_0229_output.txt,1.833,88.2,1.351,0.627,2.0,29.15964440720753,0.002645663361560846,0.07714660284429159
spice/generated/inverter_0230.cir,spice/outputs/inverter_0230_output.txt,1.494,61.9,1.511,0.908,13.58,72.36368358178966,0.005515219412644737,0.39910159246076754
spice/generated/inverter_0231.cir,spice/outputs/inverter_0231_output.txt,1.691,32.9,0.91,1.632,3.16,23.62480994320939,0.0033728925823297735,0.07968394621640162
spice/generated/inverter_0233.cir,spice/outputs/inverter_0233_output.txt,1.427,25.2,1.399,0.512,6.73,70.5394611794389,0.003296833508327092,0.23255685927571226
spice/generated/inverter_0232.cir,spice/outputs/inverter_0232_output.txt,1.658,6.7,1.518,1.23,13.68,52.1200418696571,0.007166787384363772,0.37353325854397007
spice/generated/inverter_0234.cir,spice/outputs/inverter_0234_output.txt,1.527,-17.4,0.883,0.992,1.15,27.513907848530405,0.001588997176241613,0.043719521878686766
spice/generated/inverter_0235.cir,spice/outputs/inverter_0235_output.txt,1.848,-11.0,1.07,1.556,10.5,32.882966580385705,0.006844422472010248,0.2250649154091539
spice/generated/inverter_0237.cir,spice/outputs/inverter_0237_output.txt,1.411,112.0,1.793,1.364,11.89,59.64026174334635,0.005066452283121972,0.3021645402755691
spice/generated/inverter_0236.cir,spice/outputs/inverter_0236_output.txt,1.9,93.0,0.608,1.793,1.8,10.263130647028543,0.002816334107289136,0.028904404888790907
spice/generated/inverter_0238.cir,spice/outputs/inverter_0238_output.txt,1.826,28.9,0.673,0.531,7.17,51.26177358493699,0.004439560076011045,0.22757972343320385
spice/generated/inverter_0239.cir,spice/outputs/inverter_0239_output.txt,1.881,62.0,1.748,1.88,2.67,14.316360082631958,0.004376968470183571,0.06266225668947474
spice/generated/inverter_0241.cir,spice/outputs/inverter_0241_output.txt,1.586,16.0,1.0,0.752,10.7,63.14428690569862,0.004635070373459129,0.2926782134898069
spice/generated/inverter_0240.cir,spice/outputs/inverter_0240_output.txt,1.907,0.1,1.383,1.286,8.52,32.9209570315791,0.007656364101893494,0.25205483361656045
spice/generated/inverter_0242.cir,spice/outputs/inverter_0242_output.txt,1.468,44.1,1.859,1.024,14.82,71.66787550083528,0.005964821377601014,0.4274860758746303
spice/generated/inverter_0243.cir,spice/outputs/inverter_0243_output.txt,1.891,94.5,0.854,0.72,4.75,36.39468844811148,0.004611225821503191,0.16782412713749556
spice/generated/inverter_0244.cir,spice/outputs/inverter_0244_output.txt,1.761,85.4,1.483,0.766,15.68,73.60281545716066,0.008993982415528413,0.6619824279550859
spice/generated/inverter_0245.cir,spice/outputs/inverter_0245_output.txt,1.696,84.5,1.64,1.173,18.56,64.03547266818687,0.009447752646043814,0.6049913063415289
spice/generated/inverter_0246.cir,spice/outputs/inverter_0246_output.txt,1.739,64.8,1.437,1.796,12.92,39.60144340171467,0.007920143042746356,0.313649096440804
spice/generated/inverter_0248.cir,spice/outputs/inverter_0248_output.txt,1.434,43.7,0.966,1.178,2.08,32.005621366651376,0.0020329065409578078,0.06506443702368456
spice/generated/inverter_0247.cir,spice/outputs/inverter_0247_output.txt,1.491,-28.7,1.163,0.954,6.22,47.331970491076625,0.0030927803880518145,0.146387390062649
spice/generated/inverter_0249.cir,spice/outputs/inverter_0249_output.txt,1.899,-27.3,1.796,1.783,12.69,32.10892852887996,0.01032668773405857,0.331578878392948
spice/generated/inverter_0250.cir,spice/outputs/inverter_0250_output.txt,1.704,36.3,1.331,1.688,18.02,48.052465064323194,0.008631332791156123,0.41475681740557685
spice/generated/inverter_0251.cir,spice/outputs/inverter_0251_output.txt,1.67,93.6,1.478,0.982,10.04,52.77548738333559,0.006488131031678834,0.34241427740379443
spice/generated/inverter_0252.cir,spice/outputs/inverter_0252_output.txt,1.491,-29.8,0.655,1.849,7.53,36.44252526308367,0.002819941972928086,0.10276580658886177
spice/generated/inverter_0253.cir,spice/outputs/inverter_0253_output.txt,1.829,43.3,0.759,0.872,9.32,46.640273939387406,0.005526809889375399,0.25777192725138404
spice/generated/inverter_0254.cir,spice/outputs/inverter_0254_output.txt,1.664,46.3,0.738,1.059,6.37,39.858274657715114,0.0035440885838976927,0.14126125618826685
spice/generated/inverter_0255.cir,spice/outputs/inverter_0255_output.txt,1.645,15.8,1.397,1.684,13.3,43.31917095204852,0.006623887382047052,0.28694130987001343
spice/generated/inverter_0256.cir,spice/outputs/inverter_0256_output.txt,1.44,-24.4,1.518,0.926,14.75,74.13827249568297,0.005022787081474288,0.37238075733413695
spice/generated/inverter_0259.cir,spice/outputs/inverter_0259_output.txt,1.757,114.8,0.964,1.065,16.04,60.317944455356056,0.0077477215274172,0.4673266367463171
spice/generated/inverter_0257.cir,spice/outputs/inverter_0257_output.txt,1.794,109.5,1.81,1.0,12.07,53.85927974312315,0.009005096113318884,0.48500799068095285
spice/generated/inverter_0260.cir,spice/outputs/inverter_0260_output.txt,1.888,70.6,1.743,1.608,14.02,40.29117184469002,0.01080291640435451,0.43526216127166834
spice/generated/inverter_0258.cir,spice/outputs/inverter_0258_output.txt,1.485,17.7,1.952,1.548,8.45,44.1630475246791,0.0048815777552162765,0.21558535039903273
spice/generated/inverter_0261.cir,spice/outputs/inverter_0261_output.txt,1.716,66.6,1.135,1.043,7.89,43.30656005670996,0.005271937007374162,0.22830945662504093
spice/generated/inverter_0262.cir,spice/outputs/inverter_0262_output.txt,1.508,-4.7,1.922,1.229,5.3,41.27293742047621,0.004335729732216523,0.17894830190987063
spice/generated/inverter_0263.cir,spice/outputs/inverter_0263_output.txt,1.483,-27.3,1.767,0.652,15.65,88.03165905952284,0.005911377397967576,0.5203883596700509
spice/generated/inverter_0264.cir,spice/outputs/inverter_0264_output.txt,1.901,105.8,0.557,1.005,15.56,55.396072790983595,0.007731797132711421,0.42831119676880014
spice/generated/inverter_0265.cir,spice/outputs/inverter_0265_output.txt,1.479,22.2,0.743,1.747,15.65,51.66011083660745,0.004781270574663942,0.24700096782694905
spice/generated/inverter_0266.cir,spice/outputs/inverter_0266_output.txt,1.885,-12.7,1.157,1.116,13.85,46.34342298660715,0.008679126714533294,0.4022204404859785
spice/generated/inverter_0267.cir,spice/outputs/inverter_0267_output.txt,1.543,33.3,0.927,1.623,9.53,41.88519288738914,0.004066870316650843,0.1703416476609179
spice/generated/inverter_0268.cir,spice/outputs/inverter_0268_output.txt,1.72,11.1,1.713,1.204,16.87,56.11223472216002,0.009115885266680059,0.5115126937842317
spice/generated/inverter_0270.cir,spice/outputs/inverter_0270_output.txt,1.629,47.0,1.949,1.725,16.22,48.68814931522804,0.008588065743266574,0.41813702723715784
spice/generated/inverter_0271.cir,spice/outputs/inverter_0271_output.txt,1.483,1.3,1.462,1.811,11.54,45.20825128339466,0.004866718057036738,0.22001581284795108
spice/generated/inverter_0269.cir,spice/outputs/inverter_0269_output.txt,1.621,116.3,1.977,1.193,6.35,42.24872412512037,0.0053604757090882586,0.22647325941267882
spice/generated/inverter_0272.cir,spice/outputs/inverter_0272_output.txt,1.462,99.6,1.777,0.928,15.5,81.54412534948317,0.006109818951919872,0.49821984247800194
spice/generated/inverter_0274.cir,spice/outputs/inverter_0274_output.txt,1.533,34.4,1.024,0.54,2.01,37.84963942159838,0.0019467425594855267,0.07368350392320673
spice/generated/inverter_0273.cir,spice/outputs/inverter_0273_output.txt,1.564,109.4,0.721,1.156,18.98,71.45098438869134,0.006165467935184313,0.44052875318583135
spice/generated/inverter_0275.cir,spice/outputs/inverter_0275_output.txt,1.701,-1.1,1.992,1.062,1.54,25.214997876828683,0.003003677543284783,0.0757377228766038
spice/generated/inverter_0277.cir,spice/outputs/inverter_0277_output.txt,1.572,96.9,1.544,0.708,14.41,83.52520774830785,0.006674646434588023,0.5575012300954669
spice/generated/inverter_0276.cir,spice/outputs/inverter_0276_output.txt,1.958,98.5,1.475,1.687,3.61,17.61177753056537,0.005120503251026345,0.09018116410161271
spice/generated/inverter_0278.cir,spice/outputs/inverter_0278_output.txt,1.669,-39.1,0.619,0.884,16.86,65.28711836596764,0.006056605527807524,0.39541832198994376
spice/generated/inverter_0279.cir,spice/outputs/inverter_0279_output.txt,1.729,80.0,1.292,0.667,6.47,48.89022715336713,0.005411952776260296,0.26459160057466174
spice/generated/inverter_0280.cir,spice/outputs/inverter_0280_output.txt,1.581,-32.1,1.13,1.691,9.69,38.88859487015157,0.004535250241026878,0.17636950925805153
spice/generated/inverter_0281.cir,spice/outputs/inverter_0281_output.txt,1.467,109.3,1.395,0.525,10.79,90.95005590444684,0.004636202802096785,0.4216629040350557
spice/generated/inverter_0282.cir,spice/outputs/inverter_0282_output.txt,1.545,-16.3,1.144,1.422,5.57,35.51765826754364,0.0033794224143125244,0.12002917045322951
spice/generated/inverter_0283.cir,spice/outputs/inverter_0283_output.txt,1.65,69.6,0.628,1.962,2.29,17.922135240176207,0.0024471477371121064,0.04385811269721434
spice/generated/inverter_0284.cir,spice/outputs/inverter_0284_output.txt,1.716,43.7,1.982,1.331,8.42,40.060863415084505,0.007341529769388021,0.2941080213492303
spice/generated/inverter_0285.cir,spice/outputs/inverter_0285_output.txt,1.682,64.9,1.972,0.88,1.31,27.243117912562827,0.002561946506023424,0.06979541074927449
spice/generated/inverter_0286.cir,spice/outputs/inverter_0286_output.txt,1.873,16.9,1.599,1.442,15.66,44.0267408045579,0.010723190035759254,0.47210710830239067
spice/generated/inverter_0287.cir,spice/outputs/inverter_0287_output.txt,1.841,14.9,0.567,1.319,16.46,47.54594322148242,0.007497120228263294,0.35645765269763385
spice/generated/inverter_0288.cir,spice/outputs/inverter_0288_output.txt,1.505,88.6,1.197,1.543,13.0,51.95296264396616,0.005220330866396887,0.271211654491061
spice/generated/inverter_0289.cir,spice/outputs/inverter_0289_output.txt,1.887,-29.6,1.664,1.187,6.58,30.43613216508288,0.007411984066610539,0.22559212665684686
spice/generated/inverter_0290.cir,spice/outputs/inverter_0290_output.txt,1.426,-7.1,0.563,1.9,10.79,44.62263149471446,0.003088112385419058,0.13779970098881825
spice/generated/inverter_0291.cir,spice/outputs/inverter_0291_output.txt,1.993,49.6,0.88,1.63,4.63,18.363964851113806,0.005603603860038032,0.10290438432530406
spice/generated/inverter_0292.cir,spice/outputs/inverter_0292_output.txt,1.614,88.8,1.799,0.998,3.37,34.87522234707349,0.003553017019685758,0.1239122585644772
spice/generated/inverter_0295.cir,spice/outputs/inverter_0295_output.txt,1.881,80.0,0.618,1.404,16.62,46.95491799521439,0.008192590148157654,0.3846823985751439
spice/generated/inverter_0293.cir,spice/outputs/inverter_0293_output.txt,1.621,106.8,1.615,1.842,8.35,35.54557491456173,0.0057650195022771996,0.2049209326021036
spice/generated/inverter_0294.cir,spice/outputs/inverter_0294_output.txt,1.984,41.9,1.246,1.886,10.87,27.97592327689602,0.009093578010626727,0.25440124073776205
spice/generated/inverter_0296.cir,spice/outputs/inverter_0296_output.txt,1.727,13.0,0.62,1.491,6.82,30.519222418070463,0.0037594873367987865,0.11473663020968154
spice/generated/inverter_0297.cir,spice/outputs/inverter_0297_output.txt,1.762,30.3,1.535,1.027,1.8,24.15402770709828,0.0027801857272211025,0.0671526830861777
spice/generated/inverter_0299.cir,spice/outputs/inverter_0299_output.txt,1.969,-27.6,1.456,1.045,16.22,49.46952326100899,0.011596648662158421,0.5736806807423948
spice/generated/inverter_0298.cir,spice/outputs/inverter_0298_output.txt,1.922,18.2,1.997,0.912,19.62,64.8114078794898,0.013968823641244353,0.9053391266093477
spice/generated/inverter_0300.cir,spice/outputs/inverter_0300_output.txt,1.808,117.2,0.714,1.411,15.84,49.01367489733691,0.0076068820737928595,0.37284124494726323
spice/generated/inverter_0301.cir,spice/outputs/inverter_0301_output.txt,1.421,-28.9,1.668,1.049,8.27,54.43982809764769,0.003784257380295167,0.20601432126052346
spice/generated/inverter_0302.cir,spice/outputs/inverter_0302_output.txt,1.74,59.8,1.519,1.923,8.07,29.778750082624267,0.006427865892810784,0.19141381198663684
spice/generated/inverter_0303.cir,spice/outputs/inverter_0303_output.txt,1.858,54.7,1.294,1.097,13.34,49.30852391585517,0.00889834541606826,0.438764277759742
spice/generated/inverter_0304.cir,spice/outputs/inverter_0304_output.txt,1.55,-21.3,1.604,1.249,8.35,45.332172201203335,0.004891376788750389,0.22173673488860163
spice/generated/inverter_0306.cir,spice/outputs/inverter_0306_output.txt,1.571,111.2,1.237,0.684,17.2,94.83626721454247,0.006718580117335337,0.6371650593099262
spice/generated/inverter_0305.cir,spice/outputs/inverter_0305_output.txt,1.737,3.2,0.89,1.169,19.93,60.0325457762444,0.008318385934849326,0.4993738844183097
spice/generated/inverter_0307.cir,spice/outputs/inverter_0307_output.txt,1.671,108.3,1.168,0.632,13.96,83.09335725449371,0.006684413514873238,0.555430360228128
spice/generated/inverter_0308.cir,spice/outputs/inverter_0308_output.txt,1.907,12.7,1.021,0.597,11.3,59.42636991485254,0.007507450868478094,0.4461405524277602
spice/generated/inverter_0310.cir,spice/outputs/inverter_0310_output.txt,1.876,43.9,0.682,0.801,3.64,29.21302062354421,0.003597331046099624,0.1050889060394242
spice/generated/inverter_0309.cir,spice/outputs/inverter_0309_output.txt,1.935,100.5,1.568,1.891,13.12,33.830341356576554,0.01071570358302771,0.3625159100897179
spice/generated/inverter_0312.cir,spice/outputs/inverter_0312_output.txt,1.731,61.0,0.629,0.964,19.99,70.54133976936221,0.0076823505958510925,0.5419233036092942
spice/generated/inverter_0311.cir,spice/outputs/inverter_0311_output.txt,1.874,-35.7,1.331,1.053,16.27,51.491408804179386,0.00981735533299718,0.5055094568272485
spice/generated/inverter_0314.cir,spice/outputs/inverter_0314_output.txt,1.983,66.0,1.175,1.52,7.55,27.30287152111449,0.007494921725754277,0.20463288493907872
spice/generated/inverter_0315.cir,spice/outputs/inverter_0315_output.txt,1.927,88.7,1.46,0.773,19.36,76.57060179627426,0.012397087969900527,0.9492524863766354
spice/generated/inverter_0313.cir,spice/outputs/inverter_0313_output.txt,1.831,46.7,1.654,1.735,2.4,15.598975045001843,0.0038184749146028757,0.0595642949028558
spice/generated/inverter_0317.cir,spice/outputs/inverter_0317_output.txt,1.499,13.2,1.564,1.019,18.88,77.3780770946889,0.006735920413075768,0.5212125690266656
spice/generated/inverter_0316.cir,spice/outputs/inverter_0316_output.txt,1.66,110.3,0.583,0.686,3.91,39.833500794077814,0.0026433596362132757,0.10529426816813477
spice/generated/inverter_0318.cir,spice/outputs/inverter_0318_output.txt,1.937,99.6,0.876,1.453,11.47,36.92396185882039,0.0076670265061771275,0.28309699428464924
spice/generated/inverter_0319.cir,spice/outputs/inverter_0319_output.txt,1.475,10.0,1.3,1.254,4.2,38.20151072244201,0.0029843542539178423,0.11400684103060787
spice/generated/inverter_0321.cir,spice/outputs/inverter_0321_output.txt,1.906,53.0,1.738,0.543,1.86,28.98200883718723,0.003089267826338079,0.08953318744336838
spice/generated/inverter_0320.cir,spice/outputs/inverter_0320_output.txt,1.965,-14.6,1.488,1.581,12.5,32.851977686003465,0.010107705535281368,0.3320581167017572
spice/generated/inverter_0322.cir,spice/outputs/inverter_0322_output.txt,1.785,55.2,1.477,1.65,8.92,32.60667196759447,0.007018167007686144,0.22883906943341617
spice/generated/inverter_0323.cir,spice/outputs/inverter_0323_output.txt,1.783,42.2,1.441,0.935,19.18,68.5392601930057,0.010081309779495812,0.6909655140631564
spice/generated/inverter_0325.cir,spice/outputs/inverter_0325_output.txt,1.436,32.5,1.226,0.806,12.53,76.94535116682303,0.004265716279979057,0.3282270371410226
spice/generated/inverter_0326.cir,spice/outputs/inverter_0326_output.txt,1.588,78.5,1.601,1.791,19.53,54.02926234915456,0.00835534496263701,0.451433125004002
spice/generated/inverter_0328.cir,spice/outputs/inverter_0328_output.txt,1.56,0.9,0.645,0.935,8.3,50.17334105075309,0.003315516810265519,0.16635055568095689
spice/generated/inverter_0324.cir,spice/outputs/inverter_0324_output.txt,1.69,92.8,1.527,0.946,2.39,29.37686967078467,0.002826640127836863,0.08303783864167365
spice/generated/inverter_0329.cir,spice/outputs/inverter_0329_output.txt,1.769,1.0,1.798,0.74,7.22,47.42781820156306,0.00696270176151792,0.3302257533369748
spice/generated/inverter_0327.cir,spice/outputs/inverter_0327_output.txt,1.478,21.1,1.342,0.979,9.86,58.12437524570464,0.004184025326808644,0.2431938581329576
spice/generated/inverter_0330.cir,spice/outputs/inverter_0330_output.txt,1.747,11.6,1.645,1.247,10.78,43.91976807521544,0.007550914530013357,0.331634414913961
spice/generated/inverter_0331.cir,spice/outputs/inverter_0331_output.txt,1.699,10.9,0.535,1.918,10.6,33.28153343036815,0.004544094764716362,0.15123444182266849
spice/generated/inverter_0332.cir,spice/outputs/inverter_0332_output.txt,1.98,-4.5,1.029,0.576,10.4,54.77178396161929,0.007861260588600275,0.43057526662480633
spice/generated/inverter_0333.cir,spice/outputs/inverter_0333_output.txt,1.929,68.0,1.206,1.305,17.1,49.28469074563991,0.010813126356120294,0.5329215884549168
spice/generated/inverter_0334.cir,spice/outputs/inverter_0334_output.txt,1.659,105.6,1.591,1.646,7.95,35.947139313103165,0.006053534473809907,0.21760724706671739
spice/generated/inverter_0335.cir,spice/outputs/inverter_0335_output.txt,1.64,54.1,0.792,1.33,2.4,25.61013495904728,0.0027065792476006195,0.0693158598084085
spice/generated/inverter_0337.cir,spice/outputs/inverter_0337_output.txt,1.471,120.9,1.091,1.692,7.44,41.18815517317821,0.003663937906749458,0.15091084304808644
spice/generated/inverter_0336.cir,spice/outputs/inverter_0336_output.txt,1.703,86.1,0.92,1.984,13.93,39.76654003965364,0.006599598345758492,0.262443191862237
spice/generated/inverter_0338.cir,spice/outputs/inverter_0338_output.txt,1.963,84.6,0.799,1.264,10.5,37.83427470658723,0.007199133314171496,0.27237398745770813
spice/generated/inverter_0339.cir,spice/outputs/inverter_0339_output.txt,1.427,-17.4,1.0,1.211,9.68,53.40437888938255,0.0033969203651017044,0.18141042223495113
spice/generated/inverter_0340.cir,spice/outputs/inverter_0340_output.txt,1.764,45.1,0.992,1.42,4.09,26.083069286160505,0.004218462115320796,0.11003043963495554
spice/generated/inverter_0341.cir,spice/outputs/inverter_0341_output.txt,1.994,82.0,0.949,1.005,16.74,54.87659465345553,0.010436049215253809,0.5726948425689959
spice/generated/inverter_0342.cir,spice/outputs/inverter_0342_output.txt,1.719,76.9,0.95,1.724,8.0,31.658071347776612,0.0050082520964646,0.1585516021975281
spice/generated/inverter_0343.cir,spice/outputs/inverter_0343_output.txt,1.804,121.7,1.376,1.695,14.78,43.183849089019,0.00921814097627834,0.3980748088009061
spice/generated/inverter_0344.cir,spice/outputs/inverter_0344_output.txt,1.813,-35.6,1.212,1.951,15.88,36.53934836539573,0.008654639934161549,0.31623490353139444
spice/generated/inverter_0345.cir,spice/outputs/inverter_0345_output.txt,1.866,55.3,1.582,1.375,4.24,25.50345671619644,0.005276179929162536,0.13456082645026113
spice/generated/inverter_0347.cir,spice/outputs/inverter_0347_output.txt,1.419,116.5,0.665,0.528,6.96,70.81423576220747,0.00241386294717144,0.1709358598386553
spice/generated/inverter_0348.cir,spice/outputs/inverter_0348_output.txt,1.491,73.9,1.116,1.662,18.49,58.40827226666694,0.006089979923831506,0.3557052054896862
spice/generated/inverter_0346.cir,spice/outputs/inverter_0346_output.txt,1.777,62.3,1.762,0.722,13.93,69.18256598564,0.009118668807240587,0.6308529064581191
spice/generated/inverter_0349.cir,spice/outputs/inverter_0349_output.txt,1.924,81.4,0.593,0.707,4.94,35.273360245272805,0.0041466428436307,0.1462660268318681
spice/generated/inverter_0350.cir,spice/outputs/inverter_0350_output.txt,1.595,69.3,1.288,0.971,4.29,38.74318833213769,0.0038574209435545083,0.1494487860924646
spice/generated/inverter_0351.cir,spice/outputs/inverter_0351_output.txt,1.947,16.5,1.031,1.658,14.7,35.934105298331666,0.009325284067180133,0.3350957396069055
spice/generated/inverter_0352.cir,spice/outputs/inverter_0352_output.txt,1.786,74.4,1.415,0.788,5.68,42.21980432563578,0.005273524195645638,0.22264715964666462
spice/generated/inverter_0353.cir,spice/outputs/inverter_0353_output.txt,1.735,-2.9,1.959,0.946,6.49,41.01860314004057,0.006476051017694642,0.2656385666094723
spice/generated/inverter_0354.cir,spice/outputs/inverter_0354_output.txt,1.524,76.3,0.976,1.023,18.74,77.59243454269313,0.006129956237989019,0.47563822814573636
spice/generated/inverter_0355.cir,spice/outputs/inverter_0355_output.txt,1.877,5.1,0.683,1.515,8.21,28.765847349093153,0.005278038110389093,0.15182723858614874
spice/generated/inverter_0357.cir,spice/outputs/inverter_0357_output.txt,1.573,77.8,1.02,1.164,5.87,40.955297761128534,0.0036033151093327045,0.14757484322989434
spice/generated/inverter_0360.cir,spice/outputs/inverter_0360_output.txt,1.719,65.3,0.579,1.12,14.63,54.6669480072688,0.005941138175714571,0.32478389175578826
spice/generated/inverter_0359.cir,spice/outputs/inverter_0359_output.txt,1.482,61.6,1.38,0.864,13.73,75.84006572795388,0.00523671078150723,0.39715248986779306
spice/generated/inverter_0356.cir,spice/outputs/inverter_0356_output.txt,1.988,95.0,1.932,1.707,6.52,25.218419038196192,0.008224326653466363,0.2074045158541205
spice/generated/inverter_0358.cir,spice/outputs/inverter_0358_output.txt,1.687,-6.7,1.308,1.9,14.23,40.310543899133535,0.007113353700094621,0.2867431565977282
spice/generated/inverter_0361.cir,spice/outputs/inverter_0361_output.txt,1.46,87.2,0.508,1.326,18.65,69.33668291564373,0.004879559047319146,0.3383324384321283
spice/generated/inverter_0362.cir,spice/outputs/inverter_0362_output.txt,1.644,114.3,1.818,1.216,4.79,35.796114785229776,0.004570466001306883,0.16360492560477133
spice/generated/inverter_0363.cir,spice/outputs/inverter_0363_output.txt,1.978,13.0,1.469,1.862,2.7,11.340624472279735,0.004691592788271813,0.05320559198864644
spice/generated/inverter_0365.cir,spice/outputs/inverter_0365_output.txt,1.505,105.6,0.764,1.879,19.95,56.27876391057265,0.006048986116435319,0.34042946154519504
spice/generated/inverter_0364.cir,spice/outputs/inverter_0364_output.txt,1.744,48.3,1.585,1.905,18.35,44.74534228869708,0.009876515657731953,0.4419280737248924
spice/generated/inverter_0366.cir,spice/outputs/inverter_0366_output.txt,1.638,41.7,1.905,1.943,18.59,48.162981086217194,0.009189983065473778,0.4426169805650699
spice/generated/inverter_0368.cir,spice/outputs/inverter_0368_output.txt,1.571,123.2,1.315,1.241,18.83,69.61047199054889,0.007383469246934644,0.5139667792068231
spice/generated/inverter_0370.cir,spice/outputs/inverter_0370_output.txt,1.675,2.4,0.779,1.605,16.02,46.21265186953945,0.006418889794877339,0.29663391947960593
spice/generated/inverter_0367.cir,spice/outputs/inverter_0367_output.txt,1.926,-38.5,1.352,0.661,19.68,72.32599964852254,0.01177144894663025,0.8513818123765805
spice/generated/inverter_0371.cir,spice/outputs/inverter_0371_output.txt,1.741,85.0,0.763,1.784,18.04,46.25101692306815,0.0077657478994098165,0.3591737375158844
spice/generated/inverter_0369.cir,spice/outputs/inverter_0369_output.txt,1.911,37.2,0.789,0.669,4.09,31.908765642042834,0.00428517602317033,0.13673467745824316
spice/generated/inverter_0372.cir,spice/outputs/inverter_0372_output.txt,1.896,45.0,0.63,1.504,4.51,22.083128906049375,0.0040475537151170035,0.08938265044508784
spice/generated/inverter_0373.cir,spice/outputs/inverter_0373_output.txt,1.484,13.4,0.872,0.891,5.47,47.22365400518546,0.0025791228672377075,0.12179560591929538
spice/generated/inverter_0376.cir,spice/outputs/inverter_0376_output.txt,1.643,42.9,1.843,1.555,6.91,34.658988650362815,0.005937883286977105,0.20580102945051854
spice/generated/inverter_0375.cir,spice/outputs/inverter_0375_output.txt,1.792,74.3,0.593,0.677,6.83,46.116610687229134,0.003988488760749793,0.1839355834098872
spice/generated/inverter_0374.cir,spice/outputs/inverter_0374_output.txt,1.852,117.4,0.953,1.584,1.22,11.151712030399883,0.0024369432259786807,0.027176089090547955
spice/generated/inverter_0377.cir,spice/outputs/inverter_0377_output.txt,1.47,111.2,0.943,1.422,5.16,38.85823105772638,0.00280613684379111,0.10904151385563399
spice/generated/inverter_0382.cir,spice/outputs/inverter_0382_output.txt,1.703,54.5,0.725,0.992,10.89,50.82759805893899,0.005094094470630555,0.25892058622747344
spice/generated/inverter_0379.cir,spice/outputs/inverter_0379_output.txt,1.73,37.7,1.306,1.496,5.15,28.47279819013096,0.005105916697656125,0.14537973570798277
spice/generated/inverter_0381.cir,spice/outputs/inverter_0381_output.txt,1.822,-27.1,1.346,0.593,11.41,61.05282464029884,0.007687234867698589,0.46932740234639275
spice/generated/inverter_0378.cir,spice/outputs/inverter_0378_output.txt,1.48,-14.7,1.622,1.409,8.9,46.47660068821549,0.004379217076777391,0.20353112340439714
spice/generated/inverter_0380.cir,spice/outputs/inverter_0380_output.txt,1.548,84.5,1.81,0.623,9.49,72.85987386797278,0.0055755398998790446,0.40623313385103677
spice/generated/inverter_0383.cir,spice/outputs/inverter_0383_output.txt,1.47,-6.1,1.375,0.636,10.7,76.52600995900592,0.004246479874449671,0.3249661611628537
spice/generated/inverter_0384.cir,spice/outputs/inverter_0384_output.txt,1.885,34.8,1.27,1.185,2.1,18.406052347869373,0.0032565219124964058,0.05993971279339253
spice/generated/inverter_0385.cir,spice/outputs/inverter_0385_output.txt,1.677,93.1,1.585,1.094,16.51,63.58154204812312,0.008559666453603686,0.5442367925377117
spice/generated/inverter_0386.cir,spice/outputs/inverter_0386_output.txt,1.847,55.4,0.568,1.017,2.21,21.07411165177103,0.002697941473142585,0.05685671983495045
spice/generated/inverter_0387.cir,spice/outputs/inverter_0387_output.txt,1.996,114.2,0.604,1.901,1.6,8.39925427723355,0.0032806922271260428,0.02755536822097528
spice/generated/inverter_0388.cir,spice/outputs/inverter_0388_output.txt,1.645,86.9,1.649,1.967,13.27,41.64257557763208,0.0075132471011008966,0.31287096024101924
spice/generated/inverter_0389.cir,spice/outputs/inverter_0389_output.txt,1.652,123.8,1.074,1.804,18.23,50.57364077993003,0.00778697677074033,0.393815765965081
spice/generated/inverter_0390.cir,spice/outputs/inverter_0390_output.txt,1.625,72.7,1.493,1.309,13.42,53.001382282770614,0.00694045178549666,0.36785353829824635
spice/generated/inverter_0392.cir,spice/outputs/inverter_0392_output.txt,1.534,-39.4,0.534,0.948,13.8,62.10251207390251,0.004139688224276079,0.25708503793029724
spice/generated/inverter_0393.cir,spice/outputs/inverter_0393_output.txt,1.727,47.8,1.735,0.871,7.58,47.11525313012141,0.006640825669302435,0.3128841824021922
spice/generated/inverter_0391.cir,spice/outputs/inverter_0391_output.txt,1.609,-10.6,1.306,1.293,14.83,53.621561751438506,0.0063922634293157145,0.34276314820651466
spice/generated/inverter_0394.cir,spice/outputs/inverter_0394_output.txt,1.565,114.7,1.588,0.669,16.38,94.3124270267019,0.007190376705088868,0.6781418782931912
spice/generated/inverter_0395.cir,spice/outputs/inverter_0395_output.txt,1.652,86.4,1.826,0.523,4.92,52.90053444832626,0.0046614493567112315,0.2465931622738308
spice/generated/inverter_0397.cir,spice/outputs/inverter_0397_output.txt,1.844,26.4,0.852,0.826,17.41,66.33034865550542,0.008511264135811675,0.5645551176274874
spice/generated/inverter_0396.cir,spice/outputs/inverter_0396_output.txt,1.461,-34.5,1.397,1.555,1.92,28.902837401310165,0.0026907877905640787,0.0777714019921042
spice/generated/inverter_0398.cir,spice/outputs/inverter_0398_output.txt,1.434,43.1,0.934,1.724,14.9,53.623895205386205,0.004575103243732435,0.2453348568957306
spice/generated/inverter_0399.cir,spice/outputs/inverter_0399_output.txt,1.591,58.7,1.509,0.981,6.73,46.315463589197826,0.0046240689788555394,0.2141658984241229
spice/generated/inverter_0400.cir,spice/outputs/inverter_0400_output.txt,1.486,68.9,0.832,0.951,2.16,32.68884477331378,0.0020108005149131435,0.06573074590209517
spice/generated/inverter_0402.cir,spice/outputs/inverter_0402_output.txt,1.697,120.4,1.912,1.507,15.93,52.16457251924333,0.009497370982010167,0.49542629733322663
spice/generated/inverter_0403.cir,spice/outputs/inverter_0403_output.txt,1.591,28.7,0.724,1.065,15.33,61.64933677453209,0.00537911778779387,0.3316190440495803
spice/generated/inverter_0404.cir,spice/outputs/inverter_0404_output.txt,1.684,100.1,0.951,1.561,16.31,50.26349017433889,0.007189257156703259,0.3613571564567498
spice/generated/inverter_0401.cir,spice/outputs/inverter_0401_output.txt,1.969,105.2,1.867,1.439,9.12,33.38731226874511,0.009491545431039626,0.3168971912191009
spice/generated/inverter_0405.cir,spice/outputs/inverter_0405_output.txt,1.949,52.8,1.952,1.336,3.55,22.84253943443887,0.005189207492387163,0.1185346767783394
spice/generated/inverter_0406.cir,spice/outputs/inverter_0406_output.txt,1.546,-6.4,1.47,1.883,17.1,49.104303066554046,0.0068026651436098535,0.33404013087210166
spice/generated/inverter_0407.cir,spice/outputs/inverter_0407_output.txt,1.455,79.6,0.786,0.903,13.8,74.90122292164523,0.004187873791489954,0.3136768684241047
spice/generated/inverter_0408.cir,spice/outputs/inverter_0408_output.txt,1.762,104.1,0.782,1.643,14.76,43.86815668237631,0.00699839475559432,0.3070066776635323
spice/generated/inverter_0409.cir,spice/outputs/inverter_0409_output.txt,1.735,39.1,1.804,0.999,19.18,67.67391702945785,0.010282700494474245,0.6958706201018153
spice/generated/inverter_0411.cir,spice/outputs/inverter_0411_output.txt,1.687,0.0,1.407,0.807,18.39,76.22115111692143,0.008397019072322827,0.6400304596431896
spice/generated/inverter_0410.cir,spice/outputs/inverter_0410_output.txt,1.409,114.6,1.943,0.676,19.99,125.26197102914765,0.006747273658538745,0.8451767975416113
spice/generated/inverter_0414.cir,spice/outputs/inverter_0414_output.txt,1.682,98.6,1.871,1.056,8.86,48.4940262786485,0.0070224957045837925,0.3405490912397826
spice/generated/inverter_0413.cir,spice/outputs/inverter_0413_output.txt,1.557,44.6,1.246,0.648,19.65,101.92735589115826,0.006991492914809089,0.7126243865382574
spice/generated/inverter_0412.cir,spice/outputs/inverter_0412_output.txt,1.731,88.0,1.071,1.3,7.83,38.26606442397009,0.005324736570825789,0.2037567126598892
spice/generated/inverter_0415.cir,spice/outputs/inverter_0415_output.txt,1.738,-3.5,0.719,0.891,18.76,68.04256056776678,0.007507066614857134,0.5108000348276764
spice/generated/inverter_0416.cir,spice/outputs/inverter_0416_output.txt,1.747,28.9,0.729,0.995,8.22,42.53636377031576,0.004505678117057941,0.19165516341912794
spice/generated/inverter_0417.cir,spice/outputs/inverter_0417_output.txt,1.9,42.4,1.482,1.527,5.89,26.070310396649884,0.006470880572653395,0.16869786506872556
spice/generated/inverter_0419.cir,spice/outputs/inverter_0419_output.txt,1.877,-12.1,1.58,1.232,18.42,51.70300391583731,0.011524662012810924,0.5958596451770647
spice/generated/inverter_0418.cir,spice/outputs/inverter_0418_output.txt,1.893,119.5,1.463,1.236,4.2,27.30517218717015,0.004966734514193337,0.13561754111800994
spice/generated/inverter_0420.cir,spice/outputs/inverter_0420_output.txt,1.725,65.9,0.588,0.551,17.09,99.98137353986567,0.006602307813983338,0.6601078037750421
spice/generated/inverter_0421.cir,spice/outputs/inverter_0421_output.txt,1.967,70.3,1.647,1.119,17.01,53.37524053387784,0.012717524160541394,0.6788009110642997
spice/generated/inverter_0422.cir,spice/outputs/inverter_0422_output.txt,1.539,76.7,0.514,1.259,8.09,45.13796071817674,0.0030063742807507512,0.13570160418866425
spice/generated/inverter_0423.cir,spice/outputs/inverter_0423_output.txt,1.771,70.0,1.425,1.225,10.27,43.90338585159806,0.007313642079806008,0.3210936502102073
spice/generated/inverter_0424.cir,spice/outputs/inverter_0424_output.txt,1.404,51.0,0.518,1.294,6.22,45.28573886580035,0.0020276918894079903,0.09182552540403156
spice/generated/inverter_0426.cir,spice/outputs/inverter_0426_output.txt,1.946,-22.3,0.644,0.723,4.65,30.91672889324376,0.004194549575715629,0.12968175206167076
spice/generated/inverter_0425.cir,spice/outputs/inverter_0425_output.txt,1.986,-37.2,1.72,1.511,16.32,38.81136658848205,0.01278229512191764,0.49609834181891144
spice/generated/inverter_0427.cir,spice/outputs/inverter_0427_output.txt,1.716,94.5,0.901,1.095,8.09,43.01625396060505,0.004850839402780232,0.20866493967210417
spice/generated/inverter_0428.cir,spice/outputs/inverter_0428_output.txt,1.644,53.2,1.985,0.839,14.0,69.54781086726578,0.008039663376882234,0.5591409879718889
spice/generated/inverter_0430.cir,spice/outputs/inverter_0430_output.txt,1.628,51.2,0.584,0.514,4.26,46.794930594260244,0.0024980901936656236,0.11689795723078499
spice/generated/inverter_0431.cir,spice/outputs/inverter_0431_output.txt,1.7,31.6,1.677,1.349,17.3,54.493146679519235,0.008969013990005185,0.4887497949280126
spice/generated/inverter_0429.cir,spice/outputs/inverter_0429_output.txt,1.909,67.9,1.787,1.639,2.78,16.375672094477604,0.004433865256746496,0.07260752355557737
spice/generated/inverter_0432.cir,spice/outputs/inverter_0432_output.txt,1.457,47.1,0.564,0.817,17.49,90.07223087877134,0.004572980770141797,0.41189857973239347
spice/generated/inverter_0433.cir,spice/outputs/inverter_0433_output.txt,1.933,38.5,0.57,0.612,18.59,78.96144225604114,0.008974124928811085,0.7086098473648158
spice/generated/inverter_0434.cir,spice/outputs/inverter_0434_output.txt,1.94,53.0,0.549,1.893,6.98,22.69073364114586,0.004959644102302213,0.11253796328021949
spice/generated/inverter_0436.cir,spice/outputs/inverter_0436_output.txt,1.446,-13.2,0.861,1.752,8.39,41.70741204005207,0.0030991048111323194,0.12925564131320338
spice/generated/inverter_0437.cir,spice/outputs/inverter_0437_output.txt,1.938,14.7,1.633,0.71,19.78,75.11732270979954,0.013106798829345512,0.9845476373563696
spice/generated/inverter_0435.cir,spice/outputs/inverter_0435_output.txt,1.977,56.9,1.628,1.569,8.57,28.758485863300677,0.009128747867207923,0.26252896648873525
spice/generated/inverter_0438.cir,spice/outputs/inverter_0438_output.txt,1.834,42.6,1.961,0.581,9.3,59.186773408536226,0.008604481736933449,0.5092715108617683
spice/generated/inverter_0439.cir,spice/outputs/inverter_0439_output.txt,1.903,16.2,1.654,1.932,8.54,26.351608635742753,0.008846593533745716,0.23312197056075962
spice/generated/inverter_0440.cir,spice/outputs/inverter_0440_output.txt,1.864,-35.1,0.91,1.989,10.32,27.53456798344957,0.00654958296234508,0.18033993733993364
spice/generated/inverter_0441.cir,spice/outputs/inverter_0441_output.txt,1.613,115.3,1.148,1.52,13.55,49.822097991756834,0.006243442542481695,0.31106140615742645
spice/generated/inverter_0442.cir,spice/outputs/inverter_0442_output.txt,1.451,62.1,1.697,1.57,2.56,30.540095814627414,0.002765931239876104,0.08447180508248742
spice/generated/inverter_0443.cir,spice/outputs/inverter_0443_output.txt,1.493,77.4,1.451,1.609,7.02,40.54323699969071,0.004180945385272966,0.16950905963788504
spice/generated/inverter_0444.cir,spice/outputs/inverter_0444_output.txt,1.464,-39.1,0.962,1.04,6.13,45.941081706892575,0.002711265078110054,0.12455845048249847
spice/generated/inverter_0446.cir,spice/outputs/inverter_0446_output.txt,1.416,18.4,0.64,1.397,7.16,45.14099170549441,0.0023931768472234857,0.10803037621029662
spice/generated/inverter_0445.cir,spice/outputs/inverter_0445_output.txt,1.48,-9.1,1.173,1.332,8.75,47.148083127291464,0.0036779858442520233,0.17340998232579566
spice/generated/inverter_0447.cir,spice/outputs/inverter_0447_output.txt,1.631,8.2,1.082,0.627,18.12,91.96992981756546,0.007025227954321186,0.6461097219113184
spice/generated/inverter_0449.cir,spice/outputs/inverter_0449_output.txt,1.483,9.7,1.24,0.595,9.26,72.0639993521663,0.0038466382212433738,0.27720413428370066
spice/generated/inverter_0448.cir,spice/outputs/inverter_0448_output.txt,1.943,121.4,1.358,0.754,8.23,48.56226283343752,0.007880425947964512,0.3826913161244937
spice/generated/inverter_0450.cir,spice/outputs/inverter_0450_output.txt,1.653,39.9,0.615,0.878,5.69,41.762499036627446,0.0030464657522286344,0.12722802304256686
spice/generated/inverter_0451.cir,spice/outputs/inverter_0451_output.txt,1.775,58.0,0.793,0.66,6.79,46.76550831963769,0.004411888467819728,0.2063242068471371
spice/generated/inverter_0452.cir,spice/outputs/inverter_0452_output.txt,1.969,14.8,1.43,1.706,7.26,24.673026568126417,0.008350502807311491,0.20603217762201065
spice/generated/inverter_0453.cir,spice/outputs/inverter_0453_output.txt,1.601,94.6,1.789,1.961,3.59,26.431806734743077,0.004049435572818069,0.10703389844552082
spice/generated/inverter_0454.cir,spice/outputs/inverter_0454_output.txt,1.592,116.3,0.801,0.971,19.33,79.35067415611773,0.006648708718611581,0.5275795190894866
spice/generated/inverter_0456.cir,spice/outputs/inverter_0456_output.txt,1.545,22.0,1.725,1.089,3.16,34.1620445516215,0.0033612631644328273,0.11482762197307851
spice/generated/inverter_0457.cir,spice/outputs/inverter_0457_output.txt,1.738,57.7,1.318,1.523,11.45,41.0179537602029,0.00708831540588809,0.29074819355645154
spice/generated/inverter_0455.cir,spice/outputs/inverter_0455_output.txt,1.981,8.1,1.542,1.237,11.94,39.56661934454574,0.010470009689590321,0.4142628879217258
spice/generated/inverter_0459.cir,spice/outputs/inverter_0459_output.txt,1.816,95.1,1.693,1.114,10.49,46.333663337893135,0.008373811304486774,0.38798935383713395
spice/generated/inverter_0460.cir,spice/outputs/inverter_0460_output.txt,1.78,-0.1,1.488,1.573,15.99,44.006113115738295,0.009144388720513113,0.4024090044091814
spice/generated/inverter_0458.cir,spice/outputs/inverter_0458_output.txt,1.972,36.2,1.563,1.158,6.54,30.23960877087621,0.007273252304095044,0.2199403041677081
spice/generated/inverter_0461.cir,spice/outputs/inverter_0461_output.txt,1.444,123.5,1.219,1.101,10.63,61.11497144491622,0.004210963870828986,0.25735293672128734
spice/generated/inverter_0462.cir,spice/outputs/inverter_0462_output.txt,1.952,74.1,1.315,1.686,7.83,26.932967716634945,0.007994043557182157,0.21530331705096062
spice/generated/inverter_0463.cir,spice/outputs/inverter_0463_output.txt,1.937,48.6,1.457,0.627,15.61,72.89262556497796,0.010979153427941537,0.8002993198433866
spice/generated/inverter_0464.cir,spice/outputs/inverter_0464_output.txt,1.795,18.6,1.47,0.566,19.69,96.91453836070875,0.010407613418171873,1.0086490498588452
spice/generated/inverter_0466.cir,spice/outputs/inverter_0466_output.txt,1.406,2.7,1.266,1.278,12.03,58.922414085924835,0.003996563357546977,0.23548716107401707
spice/generated/inverter_0467.cir,spice/outputs/inverter_0467_output.txt,1.745,33.6,1.087,1.659,12.18,38.83567565479546,0.009189028389799033,0.35686212612894264
spice/generated/inverter_0465.cir,spice/outputs/inverter_0465_output.txt,1.806,25.9,1.629,1.949,9.18,29.179821656039906,0.0077113692362833835,0.2250163790386218
spice/generated/inverter_0468.cir,spice/outputs/inverter_0468_output.txt,1.7,16.9,0.537,0.657,8.9,53.877791390297986,0.003904158515587936,0.21034743805750228
spice/generated/inverter_0471.cir,spice/outputs/inverter_0471_output.txt,1.818,12.6,0.95,1.715,3.19,17.540577078235764,0.00410295632405397,0.07196822165070353
spice/generated/inverter_0470.cir,spice/outputs/inverter_0470_output.txt,1.673,-5.9,1.224,1.214,9.33,43.227565469590715,0.005273299272635967,0.22795188954861637
spice/generated/inverter_0469.cir,spice/outputs/inverter_0469_output.txt,1.977,-20.8,1.911,0.713,6.93,40.64825234279172,0.007998141313084241,0.32511046636755575
spice/generated/inverter_0472.cir,spice/outputs/inverter_0472_output.txt,1.91,66.9,1.516,0.747,19.69,78.3266749805671,0.012374616224493566,0.9692625430251599
spice/generated/inverter_0473.cir,spice/outputs/inverter_0473_output.txt,1.546,-11.2,0.74,1.34,19.21,61.41225017105991,0.00595847403422872,0.3659232980278187
spice/generated/inverter_0474.cir,spice/outputs/inverter_0474_output.txt,1.539,26.8,0.777,1.461,9.21,43.48464318676039,0.003661031762558093,0.15919865989023516
spice/generated/inverter_0475.cir,spice/outputs/inverter_0475_output.txt,1.418,61.3,0.796,1.388,8.39,48.74757567828574,0.00295885143111429,0.1442368340590479
spice/generated/inverter_0477.cir,spice/outputs/inverter_0477_output.txt,1.461,103.9,0.78,0.989,9.69,59.410675939492,0.0034002291258466532,0.20200991071569768
spice/generated/inverter_0479.cir,spice/outputs/inverter_0479_output.txt,1.767,56.9,1.022,1.768,12.73,37.8922018219646,0.006679692592949052,0.2531082598407075
spice/generated/inverter_0476.cir,spice/outputs/inverter_0476_output.txt,1.823,-6.0,1.628,1.713,2.19,14.533441151026135,0.0037845162110769505,0.05500204363879126
spice/generated/inverter_0478.cir,spice/outputs/inverter_0478_output.txt,1.557,102.3,1.292,1.459,12.34,50.84084060261413,0.00567994732238538,0.28877329644864
spice/generated/inverter_0480.cir,spice/outputs/inverter_0480_output.txt,1.888,76.5,0.946,1.422,2.61,17.088243928578727,0.003697168426703706,0.06317811592055257
spice/generated/inverter_0481.cir,spice/outputs/inverter_0481_output.txt,1.48,-20.6,0.958,0.775,14.18,77.14346568455423,0.004495435502930707,0.3467934744574618
spice/generated/inverter_0482.cir,spice/outputs/inverter_0482_output.txt,1.706,29.0,0.707,1.076,4.53,31.573059228881874,0.003077260486550184,0.09715852760454681
spice/generated/inverter_0483.cir,spice/outputs/inverter_0483_output.txt,1.781,74.4,1.468,2.0,11.54,33.47753439135022,0.007926293272997946,0.26535275564271665
spice/generated/inverter_0484.cir,spice/outputs/inverter_0484_output.txt,1.694,-16.9,0.972,1.177,2.02,24.285391717524803,0.0025876978028518223,0.06284325478883478
spice/generated/inverter_0485.cir,spice/outputs/inverter_0485_output.txt,1.615,-38.4,0.705,1.723,19.31,49.41735340863243,0.00661218433746228,0.3267566502073975
spice/generated/inverter_0486.cir,spice/outputs/inverter_0486_output.txt,1.703,41.7,1.527,1.123,16.96,60.13793755822331,0.008698976407585421,0.5231385000198298
spice/generated/inverter_0487.cir,spice/outputs/inverter_0487_output.txt,1.693,-26.4,0.546,1.642,6.55,28.90993957163273,0.003278777996910527,0.09478927375948233
spice/generated/inverter_0488.cir,spice/outputs/inverter_0488_output.txt,1.565,48.7,0.752,1.186,15.11,59.84594798906283,0.005222892835711706,0.31256897299845166
spice/generated/inverter_0489.cir,spice/outputs/inverter_0489_output.txt,1.86,50.7,0.67,0.671,15.73,69.39085462242026,0.007613532426731166,0.5283095217863849
spice/generated/inverter_0490.cir,spice/outputs/inverter_0490_output.txt,1.894,20.5,1.734,0.562,14.66,76.92619853243342,0.010662405026351842,0.8202182858903578
spice/generated/inverter_0491.cir,spice/outputs/inverter_0491_output.txt,1.728,123.3,0.654,1.745,15.28,44.33997788648776,0.006565469025503344,0.2911127514052386
spice/generated/inverter_0492.cir,spice/outputs/inverter_0492_output.txt,1.579,124.9,1.175,1.023,16.52,71.78820126501917,0.006601374283435127,0.4739007856849626
spice/generated/inverter_0493.cir,spice/outputs/inverter_0493_output.txt,1.663,124.0,1.663,0.855,16.4,77.41911116007417,0.008508415304715635,0.6587139502718561
spice/generated/inverter_0494.cir,spice/outputs/inverter_0494_output.txt,1.753,17.9,1.566,1.449,4.15,26.665342151024863,0.004638567268008583,0.1236889832919935
spice/generated/inverter_0495.cir,spice/outputs/inverter_0495_output.txt,1.484,-5.9,0.81,0.589,7.67,63.43197437117964,0.0029103401280382575,0.1846086204131384
spice/generated/inverter_0496.cir,spice/outputs/inverter_0496_output.txt,1.569,48.9,0.985,1.556,6.5,35.437707231011835,0.003640116400835867,0.12899737929962599
spice/generated/inverter_0497.cir,spice/outputs/inverter_0497_output.txt,1.56,101.6,1.978,1.519,2.81,29.041880443957176,0.003338211714904677,0.09694794552087889
spice/generated/inverter_0499.cir,spice/outputs/inverter_0499_output.txt,1.476,102.9,0.875,1.567,16.74,58.95388140879901,0.005234102638828176,0.30857066625095825
spice/generated/inverter_0498.cir,spice/outputs/inverter_0498_output.txt,1.978,89.6,1.878,1.989,17.47,37.80065251400869,0.013986597943720834,0.5287025287237397
