deck_file,output_file,vdd,temp,width_p1,width_p2,width_n1,width_n2,cload,switching_input,static_input,static_state
spice/generated/nor2_0000.cir,spice/outputs/nor2_0000_output.txt,1.784,-35.9,0.913,0.835,1.605,1.515,17.95,a,b,0
spice/generated/nor2_0001.cir,spice/outputs/nor2_0001_output.txt,1.754,-34.8,0.641,0.849,1.403,1.342,14.6,b,a,0
spice/generated/nor2_0002.cir,spice/outputs/nor2_0002_output.txt,1.532,57.2,1.714,0.51,1.709,1.547,7.46,a,b,0
spice/generated/nor2_0003.cir,spice/outputs/nor2_0003_output.txt,1.529,86.0,0.653,1.07,1.038,1.016,6.03,a,b,0
spice/generated/nor2_0004.cir,spice/outputs/nor2_0004_output.txt,1.838,48.5,1.96,1.068,1.328,1.744,12.75,b,a,0
spice/generated/nor2_0005.cir,spice/outputs/nor2_0005_output.txt,1.746,76.3,0.569,0.842,0.934,0.62,5.42,a,b,0
spice/generated/nor2_0006.cir,spice/outputs/nor2_0006_output.txt,1.628,34.8,1.751,0.744,1.033,1.505,14.33,a,b,0
spice/generated/nor2_0007.cir,spice/outputs/nor2_0007_output.txt,1.765,-11.8,1.594,0.745,1.069,1.984,13.16,a,b,0
spice/generated/nor2_0008.cir,spice/outputs/nor2_0008_output.txt,1.811,99.1,1.664,0.844,0.548,0.973,6.09,a,b,0
spice/generated/nor2_0009.cir,spice/outputs/nor2_0009_output.txt,1.948,53.6,1.577,0.819,1.249,1.827,13.21,a,b,0
spice/generated/nor2_0010.cir,spice/outputs/nor2_0010_output.txt,1.559,0.7,1.342,0.894,1.377,1.847,8.59,a,b,0
spice/generated/nor2_0011.cir,spice/outputs/nor2_0011_output.txt,1.998,-17.2,1.24,1.634,1.792,0.729,4.04,b,a,0
spice/generated/nor2_0012.cir,spice/outputs/nor2_0012_output.txt,1.758,23.5,1.394,1.202,0.877,1.33,18.91,a,b,0
spice/generated/nor2_0013.cir,spice/outputs/nor2_0013_output.txt,1.809,48.6,0.9,1.461,0.667,1.152,9.62,b,a,0
spice/generated/nor2_0014.cir,spice/outputs/nor2_0014_output.txt,1.983,85.7,1.262,0.66,1.438,1.763,10.65,a,b,0
spice/generated/nor2_0015.cir,spice/outputs/nor2_0015_output.txt,1.492,85.8,1.309,1.668,1.296,0.501,7.16,a,b,0
spice/generated/nor2_0016.cir,spice/outputs/nor2_0016_output.txt,1.467,19.9,1.978,1.71,0.859,0.861,11.78,a,b,0
spice/generated/nor2_0017.cir,spice/outputs/nor2_0017_output.txt,1.451,40.2,0.604,1.641,1.649,0.693,10.03,a,b,0
spice/generated/nor2_0018.cir,spice/outputs/nor2_0018_output.txt,1.559,104.0,1.135,0.818,1.309,1.595,4.82,b,a,0
spice/generated/nor2_0019.cir,spice/outputs/nor2_0019_output.txt,1.639,70.8,1.06,1.849,1.177,0.872,2.22,a,b,0
spice/generated/nor2_0020.cir,spice/outputs/nor2_0020_output.txt,1.753,-2.0,0.83,0.606,1.447,0.843,18.2,b,a,0
spice/generated/nor2_0021.cir,spice/outputs/nor2_0021_output.txt,1.443,-0.7,1.503,0.821,0.698,1.903,11.85,b,a,0
spice/generated/nor2_0022.cir,spice/outputs/nor2_0022_output.txt,1.546,38.0,1.111,0.641,1.488,1.031,8.81,a,b,0
spice/generated/nor2_0023.cir,spice/outputs/nor2_0023_output.txt,1.804,122.4,0.648,1.104,1.009,1.793,5.72,a,b,0
spice/generated/nor2_0024.cir,spice/outputs/nor2_0024_output.txt,1.722,-16.9,0.775,1.194,1.812,0.613,16.35,a,b,0
spice/generated/nor2_0025.cir,spice/outputs/nor2_0025_output.txt,1.43,124.9,1.754,1.953,1.89,1.773,4.16,b,a,0
spice/generated/nor2_0026.cir,spice/outputs/nor2_0026_output.txt,1.689,102.7,1.854,0.747,0.503,1.086,18.6,b,a,0
spice/generated/nor2_0027.cir,spice/outputs/nor2_0027_output.txt,1.571,74.9,1.596,1.675,1.493,1.23,4.61,a,b,0
spice/generated/nor2_0028.cir,spice/outputs/nor2_0028_output.txt,1.981,55.6,1.313,1.622,0.586,1.376,10.55,a,b,0
spice/generated/nor2_0029.cir,spice/outputs/nor2_0029_output.txt,1.434,43.8,1.777,0.603,0.602,1.793,8.67,a,b,0
spice/generated/nor2_0030.cir,spice/outputs/nor2_0030_output.txt,1.747,-33.4,0.623,1.486,1.348,0.975,5.95,b,a,0
spice/generated/nor2_0031.cir,spice/outputs/nor2_0031_output.txt,1.543,25.3,1.508,0.95,0.974,1.628,2.38,b,a,0
spice/generated/nor2_0032.cir,spice/outputs/nor2_0032_output.txt,1.773,52.9,0.65,1.306,1.259,0.699,7.63,a,b,0
spice/generated/nor2_0033.cir,spice/outputs/nor2_0033_output.txt,1.928,21.0,0.737,1.751,1.555,1.418,19.76,a,b,0
spice/generated/nor2_0034.cir,spice/outputs/nor2_0034_output.txt,1.801,51.5,1.898,0.655,1.817,0.897,17.9,a,b,0
spice/generated/nor2_0035.cir,spice/outputs/nor2_0035_output.txt,1.563,59.8,1.576,0.805,1.451,0.896,10.28,a,b,0
spice/generated/nor2_0036.cir,spice/outputs/nor2_0036_output.txt,1.455,29.9,0.915,0.505,1.657,1.456,5.98,b,a,0
spice/generated/nor2_0037.cir,spice/outputs/nor2_0037_output.txt,1.731,30.6,0.515,0.613,1.825,1.856,11.37,b,a,0
spice/generated/nor2_0038.cir,spice/outputs/nor2_0038_output.txt,1.75,-15.6,0.691,0.962,1.848,1.694,17.35,b,a,0
spice/generated/nor2_0039.cir,spice/outputs/nor2_0039_output.txt,1.526,1.2,0.654,1.67,1.826,1.11,12.79,a,b,0
spice/generated/nor2_0040.cir,spice/outputs/nor2_0040_output.txt,1.955,-0.9,0.744,1.7,0.766,1.118,4.41,b,a,0
spice/generated/nor2_0041.cir,spice/outputs/nor2_0041_output.txt,1.869,27.9,1.505,1.603,0.872,0.739,14.32,b,a,0
spice/generated/nor2_0042.cir,spice/outputs/nor2_0042_output.txt,1.923,101.7,0.834,1.725,1.19,0.958,16.11,a,b,0
spice/generated/nor2_0043.cir,spice/outputs/nor2_0043_output.txt,1.534,68.9,1.098,0.918,0.604,1.66,7.67,b,a,0
spice/generated/nor2_0044.cir,spice/outputs/nor2_0044_output.txt,1.808,99.2,0.997,0.541,1.816,0.892,12.03,b,a,0
spice/generated/nor2_0045.cir,spice/outputs/nor2_0045_output.txt,1.423,58.4,1.019,1.68,1.155,1.976,3.2,a,b,0
spice/generated/nor2_0046.cir,spice/outputs/nor2_0046_output.txt,1.553,76.9,0.503,1.888,1.308,1.579,15.1,a,b,0
spice/generated/nor2_0047.cir,spice/outputs/nor2_0047_output.txt,1.619,-28.5,1.496,0.995,0.971,1.772,14.68,b,a,0
spice/generated/nor2_0048.cir,spice/outputs/nor2_0048_output.txt,1.704,70.0,0.989,1.546,1.332,0.788,13.63,b,a,0
spice/generated/nor2_0049.cir,spice/outputs/nor2_0049_output.txt,1.806,109.0,1.423,0.951,1.322,0.501,6.45,b,a,0
spice/generated/nor2_0050.cir,spice/outputs/nor2_0050_output.txt,1.871,60.1,0.983,1.163,1.513,1.267,16.08,a,b,0
spice/generated/nor2_0051.cir,spice/outputs/nor2_0051_output.txt,1.795,6.8,1.496,1.429,0.64,1.928,5.46,b,a,0
spice/generated/nor2_0052.cir,spice/outputs/nor2_0052_output.txt,1.535,-7.1,0.537,0.867,1.213,1.775,2.38,b,a,0
spice/generated/nor2_0053.cir,spice/outputs/nor2_0053_output.txt,1.932,55.0,1.578,1.076,1.099,0.721,14.06,a,b,0
spice/generated/nor2_0054.cir,spice/outputs/nor2_0054_output.txt,1.867,-3.9,1.706,1.544,1.197,1.336,18.43,a,b,0
spice/generated/nor2_0055.cir,spice/outputs/nor2_0055_output.txt,1.674,92.2,1.501,1.982,1.393,1.925,17.94,b,a,0
spice/generated/nor2_0056.cir,spice/outputs/nor2_0056_output.txt,1.898,50.4,1.846,1.615,1.212,0.889,5.7,b,a,0
spice/generated/nor2_0057.cir,spice/outputs/nor2_0057_output.txt,1.859,46.0,1.44,0.912,0.616,0.929,6.16,b,a,0
spice/generated/nor2_0058.cir,spice/outputs/nor2_0058_output.txt,1.936,-26.7,0.726,1.075,0.729,0.821,8.88,b,a,0
spice/generated/nor2_0059.cir,spice/outputs/nor2_0059_output.txt,1.726,28.6,0.81,1.13,1.857,1.376,14.21,b,a,0
spice/generated/nor2_0060.cir,spice/outputs/nor2_0060_output.txt,1.686,115.6,0.948,1.085,1.837,1.754,11.23,a,b,0
spice/generated/nor2_0061.cir,spice/outputs/nor2_0061_output.txt,1.693,5.0,1.228,1.083,1.503,1.697,14.76,b,a,0
spice/generated/nor2_0062.cir,spice/outputs/nor2_0062_output.txt,1.952,121.8,1.301,1.86,1.388,1.494,2.6,b,a,0
spice/generated/nor2_0063.cir,spice/outputs/nor2_0063_output.txt,1.481,36.2,0.575,1.069,0.817,0.99,15.46,b,a,0
spice/generated/nor2_0064.cir,spice/outputs/nor2_0064_output.txt,1.567,116.9,1.132,1.752,1.205,1.624,1.99,b,a,0
spice/generated/nor2_0065.cir,spice/outputs/nor2_0065_output.txt,1.535,-28.7,1.936,0.56,0.547,0.871,16.95,a,b,0
spice/generated/nor2_0066.cir,spice/outputs/nor2_0066_output.txt,1.543,38.1,0.672,1.922,1.198,0.884,8.01,a,b,0
spice/generated/nor2_0067.cir,spice/outputs/nor2_0067_output.txt,1.867,-13.0,0.967,1.368,1.893,1.364,18.25,b,a,0
spice/generated/nor2_0068.cir,spice/outputs/nor2_0068_output.txt,1.638,78.0,0.614,1.536,1.441,0.653,15.68,a,b,0
spice/generated/nor2_0069.cir,spice/outputs/nor2_0069_output.txt,1.878,53.4,0.562,1.299,1.492,0.603,13.3,a,b,0
spice/generated/nor2_0070.cir,spice/outputs/nor2_0070_output.txt,1.91,95.7,0.658,1.941,1.453,1.743,14.44,b,a,0
spice/generated/nor2_0071.cir,spice/outputs/nor2_0071_output.txt,1.506,46.1,1.476,1.424,1.879,1.662,9.83,b,a,0
spice/generated/nor2_0072.cir,spice/outputs/nor2_0072_output.txt,1.593,0.5,1.902,0.918,1.176,1.626,11.83,b,a,0
spice/generated/nor2_0073.cir,spice/outputs/nor2_0073_output.txt,1.602,41.6,0.988,1.231,1.032,0.888,6.31,b,a,0
spice/generated/nor2_0074.cir,spice/outputs/nor2_0074_output.txt,1.733,45.2,0.787,0.862,1.11,1.333,5.57,b,a,0
spice/generated/nor2_0075.cir,spice/outputs/nor2_0075_output.txt,1.788,41.0,1.689,0.64,0.832,1.538,6.82,b,a,0
spice/generated/nor2_0076.cir,spice/outputs/nor2_0076_output.txt,1.684,47.6,1.138,1.619,0.996,1.554,6.15,b,a,0
spice/generated/nor2_0077.cir,spice/outputs/nor2_0077_output.txt,1.538,79.0,0.973,1.614,1.926,1.535,4.64,b,a,0
spice/generated/nor2_0078.cir,spice/outputs/nor2_0078_output.txt,1.566,57.3,1.64,1.395,1.971,1.749,6.63,b,a,0
spice/generated/nor2_0079.cir,spice/outputs/nor2_0079_output.txt,1.508,-37.7,1.301,0.911,1.961,1.33,14.25,a,b,0
spice/generated/nor2_0080.cir,spice/outputs/nor2_0080_output.txt,1.783,84.2,0.654,0.518,0.927,1.218,7.47,a,b,0
spice/generated/nor2_0081.cir,spice/outputs/nor2_0081_output.txt,1.551,102.2,0.671,0.598,1.238,1.366,14.04,a,b,0
spice/generated/nor2_0082.cir,spice/outputs/nor2_0082_output.txt,1.49,52.9,0.956,1.991,0.678,1.647,12.52,a,b,0
spice/generated/nor2_0083.cir,spice/outputs/nor2_0083_output.txt,1.865,22.8,1.863,0.946,1.383,1.143,11.8,a,b,0
spice/generated/nor2_0084.cir,spice/outputs/nor2_0084_output.txt,1.766,82.1,1.921,0.812,0.817,1.491,3.98,a,b,0
spice/generated/nor2_0085.cir,spice/outputs/nor2_0085_output.txt,1.731,-14.2,1.113,1.534,1.205,0.549,6.47,b,a,0
spice/generated/nor2_0086.cir,spice/outputs/nor2_0086_output.txt,1.822,34.9,1.531,1.886,1.682,1.438,13.56,a,b,0
spice/generated/nor2_0087.cir,spice/outputs/nor2_0087_output.txt,1.655,49.9,1.471,1.863,1.74,0.607,4.15,b,a,0
spice/generated/nor2_0088.cir,spice/outputs/nor2_0088_output.txt,1.757,96.0,1.882,1.159,1.203,0.956,8.65,b,a,0
spice/generated/nor2_0089.cir,spice/outputs/nor2_0089_output.txt,1.7,41.5,0.621,0.56,1.148,0.983,5.76,a,b,0
spice/generated/nor2_0090.cir,spice/outputs/nor2_0090_output.txt,1.537,71.3,1.791,1.381,0.531,1.647,16.61,a,b,0
spice/generated/nor2_0091.cir,spice/outputs/nor2_0091_output.txt,1.858,-11.1,1.278,1.163,0.917,1.995,9.28,b,a,0
spice/generated/nor2_0092.cir,spice/outputs/nor2_0092_output.txt,1.981,37.6,1.113,0.982,0.657,0.741,8.82,b,a,0
spice/generated/nor2_0093.cir,spice/outputs/nor2_0093_output.txt,1.573,116.0,1.72,1.325,1.182,0.972,7.14,b,a,0
spice/generated/nor2_0094.cir,spice/outputs/nor2_0094_output.txt,1.919,96.1,0.502,1.804,1.193,0.581,10.85,b,a,0
spice/generated/nor2_0095.cir,spice/outputs/nor2_0095_output.txt,1.775,85.4,0.805,1.324,1.892,1.157,14.27,a,b,0
spice/generated/nor2_0096.cir,spice/outputs/nor2_0096_output.txt,1.417,64.0,1.699,1.565,0.966,0.521,8.75,a,b,0
spice/generated/nor2_0097.cir,spice/outputs/nor2_0097_output.txt,1.995,110.6,1.192,0.676,1.748,1.248,14.62,b,a,0
spice/generated/nor2_0098.cir,spice/outputs/nor2_0098_output.txt,1.649,39.6,1.208,1.185,0.717,0.786,12.39,a,b,0
spice/generated/nor2_0099.cir,spice/outputs/nor2_0099_output.txt,1.918,5.6,1.685,1.122,1.901,1.262,16.59,b,a,0
spice/generated/nor2_0100.cir,spice/outputs/nor2_0100_output.txt,1.836,98.2,1.37,1.49,1.798,1.17,10.2,b,a,0
spice/generated/nor2_0101.cir,spice/outputs/nor2_0101_output.txt,1.731,49.7,1.183,0.983,0.783,1.546,11.86,a,b,0
spice/generated/nor2_0102.cir,spice/outputs/nor2_0102_output.txt,1.914,27.8,0.977,1.209,1.87,1.072,19.78,a,b,0
spice/generated/nor2_0103.cir,spice/outputs/nor2_0103_output.txt,1.697,-33.9,1.253,1.385,1.805,1.811,9.37,b,a,0
spice/generated/nor2_0104.cir,spice/outputs/nor2_0104_output.txt,1.409,-16.2,1.806,1.955,0.612,1.672,6.04,b,a,0
spice/generated/nor2_0105.cir,spice/outputs/nor2_0105_output.txt,1.79,100.5,1.779,1.789,1.07,0.975,14.66,b,a,0
spice/generated/nor2_0106.cir,spice/outputs/nor2_0106_output.txt,1.923,-34.1,0.603,1.447,1.881,1.996,15.19,b,a,0
spice/generated/nor2_0107.cir,spice/outputs/nor2_0107_output.txt,1.987,85.5,1.556,0.651,0.75,0.949,1.55,b,a,0
spice/generated/nor2_0108.cir,spice/outputs/nor2_0108_output.txt,1.878,8.4,1.062,0.718,1.297,1.349,16.06,a,b,0
spice/generated/nor2_0109.cir,spice/outputs/nor2_0109_output.txt,1.505,60.6,1.074,1.525,1.247,1.375,5.41,b,a,0
spice/generated/nor2_0110.cir,spice/outputs/nor2_0110_output.txt,1.676,70.0,1.848,1.198,0.931,1.32,2.4,b,a,0
spice/generated/nor2_0111.cir,spice/outputs/nor2_0111_output.txt,1.993,9.4,1.943,1.535,1.185,0.953,19.99,b,a,0
spice/generated/nor2_0112.cir,spice/outputs/nor2_0112_output.txt,1.464,22.9,1.038,0.944,1.549,0.533,16.77,b,a,0
spice/generated/nor2_0113.cir,spice/outputs/nor2_0113_output.txt,1.565,53.4,1.529,1.617,0.574,1.41,10.44,b,a,0
spice/generated/nor2_0114.cir,spice/outputs/nor2_0114_output.txt,1.865,-2.0,1.703,0.829,0.785,0.876,15.36,a,b,0
spice/generated/nor2_0115.cir,spice/outputs/nor2_0115_output.txt,1.777,109.1,1.47,0.963,1.161,1.369,14.91,a,b,0
spice/generated/nor2_0116.cir,spice/outputs/nor2_0116_output.txt,1.946,13.9,1.123,0.801,1.68,1.815,7.95,b,a,0
spice/generated/nor2_0117.cir,spice/outputs/nor2_0117_output.txt,1.898,2.4,1.737,1.223,1.71,1.62,7.44,a,b,0
spice/generated/nor2_0118.cir,spice/outputs/nor2_0118_output.txt,1.681,-27.6,1.631,0.838,1.514,1.512,8.55,b,a,0
spice/generated/nor2_0119.cir,spice/outputs/nor2_0119_output.txt,1.454,25.1,0.897,0.685,1.053,1.624,5.98,b,a,0
spice/generated/nor2_0120.cir,spice/outputs/nor2_0120_output.txt,1.893,115.1,0.663,0.851,0.538,1.826,11.67,a,b,0
spice/generated/nor2_0121.cir,spice/outputs/nor2_0121_output.txt,1.789,64.8,1.196,1.552,1.474,0.675,1.86,a,b,0
spice/generated/nor2_0122.cir,spice/outputs/nor2_0122_output.txt,1.583,41.3,0.646,1.831,0.703,1.18,13.74,b,a,0
spice/generated/nor2_0123.cir,spice/outputs/nor2_0123_output.txt,1.752,79.9,1.828,1.482,1.751,1.423,18.84,b,a,0
spice/generated/nor2_0124.cir,spice/outputs/nor2_0124_output.txt,1.42,21.1,1.165,1.926,1.783,0.649,14.03,b,a,0
spice/generated/nor2_0125.cir,spice/outputs/nor2_0125_output.txt,1.436,5.5,1.952,1.924,1.736,0.638,5.03,a,b,0
spice/generated/nor2_0126.cir,spice/outputs/nor2_0126_output.txt,1.43,15.0,1.983,1.68,0.808,1.745,11.53,a,b,0
spice/generated/nor2_0127.cir,spice/outputs/nor2_0127_output.txt,1.888,-1.6,1.662,1.683,1.394,0.916,19.7,a,b,0
spice/generated/nor2_0128.cir,spice/outputs/nor2_0128_output.txt,1.724,91.8,0.665,1.8,0.698,1.037,15.98,b,a,0
spice/generated/nor2_0129.cir,spice/outputs/nor2_0129_output.txt,1.409,3.8,0.69,1.131,0.67,0.595,9.52,b,a,0
spice/generated/nor2_0130.cir,spice/outputs/nor2_0130_output.txt,1.708,-22.0,1.256,1.918,0.565,1.675,17.47,b,a,0
spice/generated/nor2_0131.cir,spice/outputs/nor2_0131_output.txt,1.675,119.1,0.591,1.218,1.102,1.529,10.32,b,a,0
spice/generated/nor2_0132.cir,spice/outputs/nor2_0132_output.txt,1.444,-26.7,1.412,0.599,0.913,1.45,11.42,b,a,0
spice/generated/nor2_0133.cir,spice/outputs/nor2_0133_output.txt,1.629,58.6,0.942,1.258,1.145,1.69,3.17,a,b,0
spice/generated/nor2_0134.cir,spice/outputs/nor2_0134_output.txt,1.658,106.5,1.121,1.741,1.098,1.594,6.94,b,a,0
spice/generated/nor2_0135.cir,spice/outputs/nor2_0135_output.txt,1.799,21.8,0.729,1.884,0.601,1.748,2.77,a,b,0
spice/generated/nor2_0136.cir,spice/outputs/nor2_0136_output.txt,1.847,21.5,0.695,0.59,1.935,1.343,13.73,b,a,0
spice/generated/nor2_0137.cir,spice/outputs/nor2_0137_output.txt,1.612,69.8,1.625,1.802,1.582,1.953,12.41,b,a,0
spice/generated/nor2_0138.cir,spice/outputs/nor2_0138_output.txt,1.462,43.7,0.732,1.223,1.771,1.025,11.57,a,b,0
spice/generated/nor2_0139.cir,spice/outputs/nor2_0139_output.txt,1.858,54.7,1.711,1.768,1.962,1.728,12.66,a,b,0
spice/generated/nor2_0140.cir,spice/outputs/nor2_0140_output.txt,1.765,68.5,1.54,0.543,0.91,1.644,18.51,b,a,0
spice/generated/nor2_0141.cir,spice/outputs/nor2_0141_output.txt,1.404,103.5,1.349,1.101,0.713,1.45,1.58,a,b,0
spice/generated/nor2_0142.cir,spice/outputs/nor2_0142_output.txt,1.626,34.9,0.736,0.967,0.987,1.912,12.33,a,b,0
spice/generated/nor2_0143.cir,spice/outputs/nor2_0143_output.txt,1.493,84.5,0.575,0.622,1.165,1.136,12.53,b,a,0
spice/generated/nor2_0144.cir,spice/outputs/nor2_0144_output.txt,1.564,84.6,0.671,1.145,0.925,1.518,10.25,b,a,0
spice/generated/nor2_0145.cir,spice/outputs/nor2_0145_output.txt,1.427,25.2,1.399,0.512,0.952,0.817,3.61,b,a,0
spice/generated/nor2_0146.cir,spice/outputs/nor2_0146_output.txt,1.574,-20.2,1.246,1.146,0.694,1.299,5.37,b,a,0
spice/generated/nor2_0147.cir,spice/outputs/nor2_0147_output.txt,1.443,102.2,0.563,0.528,1.882,1.793,11.94,b,a,0
spice/generated/nor2_0148.cir,spice/outputs/nor2_0148_output.txt,1.826,28.9,0.673,0.531,0.987,1.702,12.74,b,a,0
spice/generated/nor2_0149.cir,spice/outputs/nor2_0149_output.txt,1.453,99.3,0.865,1.383,1.286,1.094,6.9,b,a,0
spice/generated/nor2_0150.cir,spice/outputs/nor2_0150_output.txt,1.533,88.6,0.615,1.45,1.296,0.791,15.75,b,a,0
spice/generated/nor2_0151.cir,spice/outputs/nor2_0151_output.txt,1.836,95.1,1.723,0.854,0.72,0.796,12.45,a,b,0
spice/generated/nor2_0152.cir,spice/outputs/nor2_0152_output.txt,1.506,87.5,1.241,1.632,1.64,1.173,18.56,b,a,0
spice/generated/nor2_0153.cir,spice/outputs/nor2_0153_output.txt,1.919,63.5,0.726,0.602,1.163,0.954,6.22,a,b,0
spice/generated/nor2_0154.cir,spice/outputs/nor2_0154_output.txt,1.611,-27.8,1.193,0.556,1.053,0.931,13.25,a,b,0
spice/generated/nor2_0155.cir,spice/outputs/nor2_0155_output.txt,1.769,43.7,1.194,1.331,1.688,1.844,9.54,a,b,0
spice/generated/nor2_0156.cir,spice/outputs/nor2_0156_output.txt,1.593,38.5,0.726,0.593,0.655,1.849,7.53,a,b,0
spice/generated/nor2_0157.cir,spice/outputs/nor2_0157_output.txt,1.703,-11.5,0.872,1.157,1.159,1.284,4.02,b,a,0
spice/generated/nor2_0158.cir,spice/outputs/nor2_0158_output.txt,1.951,23.9,1.662,1.518,0.579,1.446,7.36,b,a,0
spice/generated/nor2_0159.cir,spice/outputs/nor2_0159_output.txt,1.457,71.9,0.926,1.586,1.485,1.86,17.59,b,a,0
spice/generated/nor2_0160.cir,spice/outputs/nor2_0160_output.txt,1.449,69.5,1.875,0.965,1.484,1.493,3.45,a,b,0
spice/generated/nor2_0161.cir,spice/outputs/nor2_0161_output.txt,1.586,22.2,1.687,1.72,1.505,1.743,15.04,a,b,0
spice/generated/nor2_0162.cir,spice/outputs/nor2_0162_output.txt,1.788,29.9,1.043,1.044,0.77,0.821,19.01,b,a,0
spice/generated/nor2_0163.cir,spice/outputs/nor2_0163_output.txt,1.515,125.0,0.732,0.944,1.682,1.262,11.26,a,b,0
spice/generated/nor2_0164.cir,spice/outputs/nor2_0164_output.txt,1.797,104.6,1.427,1.396,0.731,0.771,14.16,a,b,0
spice/generated/nor2_0165.cir,spice/outputs/nor2_0165_output.txt,1.833,-32.8,1.046,1.579,1.954,1.416,15.3,b,a,0
spice/generated/nor2_0166.cir,spice/outputs/nor2_0166_output.txt,1.54,-0.5,1.948,1.677,1.856,0.791,13.89,b,a,0
spice/generated/nor2_0167.cir,spice/outputs/nor2_0167_output.txt,1.677,6.5,1.073,1.291,1.949,1.725,16.22,a,b,0
spice/generated/nor2_0168.cir,spice/outputs/nor2_0168_output.txt,1.924,-31.4,1.221,1.057,1.901,1.567,10.8,a,b,0
spice/generated/nor2_0169.cir,spice/outputs/nor2_0169_output.txt,1.571,85.9,0.909,1.858,0.721,1.156,18.98,a,b,0
spice/generated/nor2_0170.cir,spice/outputs/nor2_0170_output.txt,1.89,106.0,1.896,1.122,1.095,1.061,8.34,a,b,0
spice/generated/nor2_0171.cir,spice/outputs/nor2_0171_output.txt,1.625,-35.3,1.896,1.759,1.475,1.687,3.61,b,a,0
spice/generated/nor2_0172.cir,spice/outputs/nor2_0172_output.txt,1.95,38.0,1.747,1.638,1.204,1.423,18.21,a,b,0
spice/generated/nor2_0173.cir,spice/outputs/nor2_0173_output.txt,1.554,97.8,1.323,1.591,1.292,0.667,6.47,b,a,0
spice/generated/nor2_0174.cir,spice/outputs/nor2_0174_output.txt,1.473,-0.7,1.458,1.434,0.594,1.755,10.5,a,b,0
spice/generated/nor2_0175.cir,spice/outputs/nor2_0175_output.txt,1.779,54.9,1.578,0.937,0.502,1.029,11.84,a,b,0
spice/generated/nor2_0176.cir,spice/outputs/nor2_0176_output.txt,1.799,-25.9,1.962,0.602,1.289,1.261,19.78,a,b,0
spice/generated/nor2_0177.cir,spice/outputs/nor2_0177_output.txt,1.634,37.6,1.454,1.972,0.88,0.524,15.98,b,a,0
spice/generated/nor2_0178.cir,spice/outputs/nor2_0178_output.txt,1.545,68.4,0.655,1.373,1.635,0.7,7.69,b,a,0
spice/generated/nor2_0179.cir,spice/outputs/nor2_0179_output.txt,1.888,-11.1,1.669,1.197,1.543,1.448,16.42,a,b,0
spice/generated/nor2_0180.cir,spice/outputs/nor2_0180_output.txt,1.83,115.7,0.555,0.802,1.687,1.829,7.0,b,a,0
spice/generated/nor2_0181.cir,spice/outputs/nor2_0181_output.txt,1.709,123.2,1.315,0.88,1.63,0.787,7.78,a,b,0
spice/generated/nor2_0182.cir,spice/outputs/nor2_0182_output.txt,1.919,14.8,0.687,1.052,1.834,1.615,18.0,b,a,0
spice/generated/nor2_0183.cir,spice/outputs/nor2_0183_output.txt,1.603,-9.2,1.538,1.051,1.696,0.9,2.57,b,a,0
spice/generated/nor2_0184.cir,spice/outputs/nor2_0184_output.txt,1.447,59.4,1.734,1.318,0.982,0.62,13.56,b,a,0
spice/generated/nor2_0185.cir,spice/outputs/nor2_0185_output.txt,1.668,78.4,0.75,1.166,1.171,1.59,18.32,b,a,0
spice/generated/nor2_0186.cir,spice/outputs/nor2_0186_output.txt,1.565,121.7,1.922,0.613,1.456,1.045,16.22,a,b,0
spice/generated/nor2_0187.cir,spice/outputs/nor2_0187_output.txt,1.972,-16.4,1.411,1.672,0.552,0.601,15.79,b,a,0
spice/generated/nor2_0188.cir,spice/outputs/nor2_0188_output.txt,1.617,116.7,0.549,0.73,1.175,1.056,9.43,a,b,0
spice/generated/nor2_0189.cir,spice/outputs/nor2_0189_output.txt,1.744,47.4,1.097,1.474,0.874,0.67,14.98,b,a,0
spice/generated/nor2_0190.cir,spice/outputs/nor2_0190_output.txt,1.711,110.7,0.677,1.662,1.556,0.822,12.63,b,a,0
spice/generated/nor2_0191.cir,spice/outputs/nor2_0191_output.txt,1.52,-17.6,0.611,0.759,1.57,1.996,16.4,b,a,0
spice/generated/nor2_0192.cir,spice/outputs/nor2_0192_output.txt,1.801,77.1,1.325,0.936,0.95,0.736,14.48,a,b,0
spice/generated/nor2_0193.cir,spice/outputs/nor2_0193_output.txt,1.876,43.9,0.682,0.801,0.708,1.686,1.5,b,a,0
spice/generated/nor2_0194.cir,spice/outputs/nor2_0194_output.txt,1.68,122.2,0.695,1.826,0.599,1.097,14.62,b,a,0
spice/generated/nor2_0195.cir,spice/outputs/nor2_0195_output.txt,1.715,86.9,1.735,0.611,1.959,1.464,9.55,b,a,0
spice/generated/nor2_0196.cir,spice/outputs/nor2_0196_output.txt,1.477,96.8,1.327,1.382,1.652,0.694,10.55,a,b,0
spice/generated/nor2_0197.cir,spice/outputs/nor2_0197_output.txt,1.899,45.5,0.956,0.743,1.902,0.838,19.0,b,a,0
spice/generated/nor2_0198.cir,spice/outputs/nor2_0198_output.txt,1.908,1.3,1.453,1.326,0.688,0.954,11.14,a,b,0
spice/generated/nor2_0199.cir,spice/outputs/nor2_0199_output.txt,1.755,55.8,0.757,1.437,1.853,1.006,18.55,a,b,0
spice/generated/nor2_0200.cir,spice/outputs/nor2_0200_output.txt,1.895,-35.3,0.568,1.462,1.365,1.477,15.57,b,a,0
spice/generated/nor2_0201.cir,spice/outputs/nor2_0201_output.txt,1.771,-35.0,1.833,1.318,1.463,0.953,5.65,b,a,0
spice/generated/nor2_0202.cir,spice/outputs/nor2_0202_output.txt,1.578,-28.0,0.59,1.159,1.226,0.806,12.53,b,a,0
spice/generated/nor2_0203.cir,spice/outputs/nor2_0203_output.txt,1.917,12.7,1.982,1.018,1.098,1.641,10.78,a,b,0
spice/generated/nor2_0204.cir,spice/outputs/nor2_0204_output.txt,1.591,37.0,0.901,0.872,0.645,0.935,8.3,b,a,0
spice/generated/nor2_0205.cir,spice/outputs/nor2_0205_output.txt,1.549,102.8,0.74,0.991,1.367,0.969,15.5,b,a,0
spice/generated/nor2_0206.cir,spice/outputs/nor2_0206_output.txt,1.998,37.0,1.819,1.246,0.635,1.09,9.69,a,b,0
spice/generated/nor2_0207.cir,spice/outputs/nor2_0207_output.txt,1.529,18.2,0.576,1.242,1.824,1.481,9.94,a,b,0
spice/generated/nor2_0208.cir,spice/outputs/nor2_0208_output.txt,1.908,31.1,1.824,1.591,1.646,1.049,8.61,a,b,0
spice/generated/nor2_0209.cir,spice/outputs/nor2_0209_output.txt,1.618,7.6,1.08,1.176,1.325,1.738,12.84,a,b,0
spice/generated/nor2_0210.cir,spice/outputs/nor2_0210_output.txt,1.477,-24.0,1.06,1.98,1.337,1.048,3.74,b,a,0
spice/generated/nor2_0211.cir,spice/outputs/nor2_0211_output.txt,1.7,-32.5,0.706,1.0,1.211,1.185,12.52,a,b,0
spice/generated/nor2_0212.cir,spice/outputs/nor2_0212_output.txt,1.597,61.2,0.744,1.986,1.609,0.949,7.39,b,a,0
spice/generated/nor2_0213.cir,spice/outputs/nor2_0213_output.txt,1.825,9.5,1.724,1.053,1.511,1.97,12.09,a,b,0
spice/generated/nor2_0214.cir,spice/outputs/nor2_0214_output.txt,1.758,3.8,1.483,1.958,1.368,0.841,1.98,b,a,0
spice/generated/nor2_0215.cir,spice/outputs/nor2_0215_output.txt,1.502,63.8,1.43,1.762,0.722,1.521,1.6,a,b,0
spice/generated/nor2_0216.cir,spice/outputs/nor2_0216_output.txt,1.514,32.8,1.128,1.119,0.806,1.253,12.62,b,a,0
spice/generated/nor2_0217.cir,spice/outputs/nor2_0217_output.txt,1.924,81.4,0.593,0.707,0.811,0.988,13.58,b,a,0
spice/generated/nor2_0218.cir,spice/outputs/nor2_0218_output.txt,1.588,-11.4,1.868,1.013,1.031,1.658,14.7,b,a,0
spice/generated/nor2_0219.cir,spice/outputs/nor2_0219_output.txt,1.766,-8.3,0.87,1.337,0.837,1.959,6.65,b,a,0
spice/generated/nor2_0220.cir,spice/outputs/nor2_0220_output.txt,1.823,73.9,1.234,1.22,1.341,1.902,14.71,b,a,0
spice/generated/nor2_0221.cir,spice/outputs/nor2_0221_output.txt,1.473,71.6,1.07,1.97,1.728,1.932,16.29,b,a,0
spice/generated/nor2_0222.cir,spice/outputs/nor2_0222_output.txt,1.425,117.6,0.619,1.886,1.484,1.621,5.07,b,a,0
spice/generated/nor2_0223.cir,spice/outputs/nor2_0223_output.txt,1.96,74.9,0.706,1.424,1.38,0.864,13.73,a,b,0
spice/generated/nor2_0224.cir,spice/outputs/nor2_0224_output.txt,1.783,-31.3,1.12,1.576,0.651,1.656,1.1,a,b,0
spice/generated/nor2_0225.cir,spice/outputs/nor2_0225_output.txt,1.644,114.3,1.818,1.216,0.799,1.946,7.1,a,b,0
spice/generated/nor2_0226.cir,spice/outputs/nor2_0226_output.txt,1.945,-25.2,1.361,1.303,1.585,1.905,18.35,a,b,0
spice/generated/nor2_0227.cir,spice/outputs/nor2_0227_output.txt,1.651,98.2,1.901,0.555,1.754,1.682,4.54,b,a,0
spice/generated/nor2_0228.cir,spice/outputs/nor2_0228_output.txt,1.926,-38.5,1.352,0.661,1.974,0.927,19.79,b,a,0
spice/generated/nor2_0229.cir,spice/outputs/nor2_0229_output.txt,1.934,-17.9,1.256,0.909,1.713,0.996,14.89,b,a,0
spice/generated/nor2_0230.cir,spice/outputs/nor2_0230_output.txt,1.831,-37.7,1.006,0.943,1.512,0.79,12.61,b,a,0
spice/generated/nor2_0231.cir,spice/outputs/nor2_0231_output.txt,1.896,45.0,0.63,1.504,0.777,0.711,7.15,a,b,0
spice/generated/nor2_0232.cir,spice/outputs/nor2_0232_output.txt,1.404,23.3,1.17,0.9,0.994,1.374,11.88,b,a,0
spice/generated/nor2_0233.cir,spice/outputs/nor2_0233_output.txt,1.792,74.3,0.593,0.677,0.96,1.108,10.55,b,a,0
spice/generated/nor2_0234.cir,spice/outputs/nor2_0234_output.txt,1.814,65.4,1.911,1.051,0.831,1.936,10.09,b,a,0
spice/generated/nor2_0235.cir,spice/outputs/nor2_0235_output.txt,1.849,59.9,1.124,1.324,1.206,1.306,13.62,a,b,0
spice/generated/nor2_0236.cir,spice/outputs/nor2_0236_output.txt,1.857,72.3,1.394,1.681,1.288,1.292,7.87,a,b,0
spice/generated/nor2_0237.cir,spice/outputs/nor2_0237_output.txt,1.437,50.4,1.258,1.359,0.725,0.992,10.89,a,b,0
spice/generated/nor2_0238.cir,spice/outputs/nor2_0238_output.txt,1.808,78.3,1.233,1.848,1.168,0.583,3.51,b,a,0
spice/generated/nor2_0239.cir,spice/outputs/nor2_0239_output.txt,1.674,-30.5,1.194,1.71,1.585,1.094,16.51,a,b,0
spice/generated/nor2_0240.cir,spice/outputs/nor2_0240_output.txt,1.747,-32.5,1.017,0.596,1.991,1.902,2.31,b,a,0
spice/generated/nor2_0241.cir,spice/outputs/nor2_0241_output.txt,1.419,27.5,1.653,1.649,1.967,1.469,8.99,b,a,0
spice/generated/nor2_0242.cir,spice/outputs/nor2_0242_output.txt,1.669,111.3,1.066,0.62,1.946,1.812,3.53,b,a,0
spice/generated/nor2_0243.cir,spice/outputs/nor2_0243_output.txt,1.471,123.8,1.09,0.691,1.968,1.752,15.37,b,a,0
spice/generated/nor2_0244.cir,spice/outputs/nor2_0244_output.txt,1.678,78.7,1.136,1.069,0.844,1.191,3.95,a,b,0
spice/generated/nor2_0245.cir,spice/outputs/nor2_0245_output.txt,1.962,79.6,0.669,1.714,1.129,1.649,17.79,a,b,0
spice/generated/nor2_0246.cir,spice/outputs/nor2_0246_output.txt,1.544,-28.9,1.391,1.17,1.508,1.808,5.65,a,b,0
spice/generated/nor2_0247.cir,spice/outputs/nor2_0247_output.txt,1.641,-1.3,0.826,1.796,0.585,1.256,6.5,b,a,0
spice/generated/nor2_0248.cir,spice/outputs/nor2_0248_output.txt,1.746,87.5,1.728,0.855,1.814,1.979,10.9,b,a,0
spice/generated/nor2_0249.cir,spice/outputs/nor2_0249_output.txt,1.58,-29.9,1.923,1.82,1.867,1.439,9.12,b,a,0
spice/generated/nor2_0250.cir,spice/outputs/nor2_0250_output.txt,1.428,16.8,1.465,1.072,1.287,1.544,8.76,b,a,0
spice/generated/nor2_0251.cir,spice/outputs/nor2_0251_output.txt,1.626,84.5,1.21,1.774,0.951,1.561,16.31,a,b,0
spice/generated/nor2_0252.cir,spice/outputs/nor2_0252_output.txt,1.737,119.7,1.336,0.701,0.864,0.805,13.29,b,a,0
spice/generated/nor2_0253.cir,spice/outputs/nor2_0253_output.txt,1.908,-24.7,1.587,0.786,0.903,1.511,12.46,a,b,0
spice/generated/nor2_0254.cir,spice/outputs/nor2_0254_output.txt,1.513,85.7,1.586,1.338,1.219,1.804,7.33,a,b,0
spice/generated/nor2_0255.cir,spice/outputs/nor2_0255_output.txt,1.527,-8.6,1.612,1.62,1.631,1.872,14.22,a,b,0
spice/generated/nor2_0256.cir,spice/outputs/nor2_0256_output.txt,1.638,-0.5,0.982,0.925,1.199,1.473,6.86,b,a,0
spice/generated/nor2_0257.cir,spice/outputs/nor2_0257_output.txt,1.708,42.1,0.648,1.972,1.204,1.76,18.37,b,a,0
spice/generated/nor2_0258.cir,spice/outputs/nor2_0258_output.txt,1.588,-32.5,1.796,1.612,0.524,1.33,12.1,b,a,0
spice/generated/nor2_0259.cir,spice/outputs/nor2_0259_output.txt,1.577,-7.6,0.845,1.355,0.869,1.326,18.93,b,a,0
spice/generated/nor2_0260.cir,spice/outputs/nor2_0260_output.txt,1.554,95.6,1.95,1.463,1.236,0.752,16.1,a,b,0
spice/generated/nor2_0261.cir,spice/outputs/nor2_0261_output.txt,1.484,50.2,0.776,1.834,1.985,1.936,10.95,a,b,0
spice/generated/nor2_0262.cir,spice/outputs/nor2_0262_output.txt,1.967,70.3,1.647,1.119,1.764,0.847,14.44,a,b,0
spice/generated/nor2_0263.cir,spice/outputs/nor2_0263_output.txt,1.531,35.2,0.591,1.457,1.901,1.869,13.53,a,b,0
spice/generated/nor2_0264.cir,spice/outputs/nor2_0264_output.txt,1.404,51.0,0.518,1.294,0.912,1.966,1.33,b,a,0
spice/generated/nor2_0265.cir,spice/outputs/nor2_0265_output.txt,1.884,110.1,0.661,0.644,0.723,0.788,11.0,b,a,0
spice/generated/nor2_0266.cir,spice/outputs/nor2_0266_output.txt,1.56,25.5,1.06,1.109,1.348,1.985,5.29,a,b,0
spice/generated/nor2_0267.cir,spice/outputs/nor2_0267_output.txt,1.792,101.6,1.639,0.64,1.069,1.329,2.07,a,b,0
spice/generated/nor2_0268.cir,spice/outputs/nor2_0268_output.txt,1.822,-26.4,1.768,1.467,0.997,1.966,19.5,a,b,0
spice/generated/nor2_0269.cir,spice/outputs/nor2_0269_output.txt,1.538,108.7,1.538,1.35,0.907,1.886,14.0,b,a,0
spice/generated/nor2_0270.cir,spice/outputs/nor2_0270_output.txt,1.94,53.0,0.549,1.893,0.972,1.942,12.15,b,a,0
spice/generated/nor2_0271.cir,spice/outputs/nor2_0271_output.txt,1.957,9.4,1.346,1.35,1.774,1.516,11.27,b,a,0
spice/generated/nor2_0272.cir,spice/outputs/nor2_0272_output.txt,1.853,-16.9,1.983,1.586,1.251,1.961,2.02,b,a,0
spice/generated/nor2_0273.cir,spice/outputs/nor2_0273_output.txt,1.539,-27.5,1.408,1.421,1.393,1.953,7.2,b,a,0
spice/generated/nor2_0274.cir,spice/outputs/nor2_0274_output.txt,1.87,34.3,0.842,1.33,1.063,0.779,12.13,b,a,0
spice/generated/nor2_0275.cir,spice/outputs/nor2_0275_output.txt,1.451,62.1,1.697,1.57,0.623,0.731,14.52,a,b,0
spice/generated/nor2_0276.cir,spice/outputs/nor2_0276_output.txt,1.844,12.3,0.66,0.508,0.962,1.04,6.13,a,b,0
spice/generated/nor2_0277.cir,spice/outputs/nor2_0277_output.txt,1.452,31.1,1.335,1.269,0.655,0.634,11.53,b,a,0
spice/generated/nor2_0278.cir,spice/outputs/nor2_0278_output.txt,1.918,-38.0,1.121,1.669,1.587,1.339,19.86,a,b,0
spice/generated/nor2_0279.cir,spice/outputs/nor2_0279_output.txt,1.743,-12.0,1.071,0.708,0.952,1.24,2.2,b,a,0
spice/generated/nor2_0280.cir,spice/outputs/nor2_0280_output.txt,1.566,9.5,1.674,1.042,1.916,1.581,10.42,a,b,0
spice/generated/nor2_0281.cir,spice/outputs/nor2_0281_output.txt,1.675,-17.6,0.51,1.094,1.762,1.07,17.38,b,a,0
spice/generated/nor2_0282.cir,spice/outputs/nor2_0282_output.txt,1.601,94.6,1.789,1.961,0.704,0.981,19.0,a,b,0
spice/generated/nor2_0283.cir,spice/outputs/nor2_0283_output.txt,1.687,-10.7,1.097,0.979,1.602,1.449,19.39,a,b,0
spice/generated/nor2_0284.cir,spice/outputs/nor2_0284_output.txt,1.596,6.2,1.679,1.048,1.898,0.8,19.95,a,b,0
spice/generated/nor2_0285.cir,spice/outputs/nor2_0285_output.txt,1.809,50.8,1.93,1.192,1.563,1.158,6.54,a,b,0
spice/generated/nor2_0286.cir,spice/outputs/nor2_0286_output.txt,1.891,91.3,1.114,1.249,1.45,0.863,13.51,b,a,0
spice/generated/nor2_0287.cir,spice/outputs/nor2_0287_output.txt,1.873,-27.8,1.986,1.219,1.101,1.26,18.49,b,a,0
spice/generated/nor2_0288.cir,spice/outputs/nor2_0288_output.txt,1.726,90.5,1.039,1.843,1.305,1.457,2.61,a,b,0
spice/generated/nor2_0289.cir,spice/outputs/nor2_0289_output.txt,1.795,18.6,1.47,0.566,1.975,1.516,8.59,b,a,0
spice/generated/nor2_0290.cir,spice/outputs/nor2_0290_output.txt,1.979,31.0,0.516,0.888,1.266,1.278,12.03,a,b,0
spice/generated/nor2_0291.cir,spice/outputs/nor2_0291_output.txt,1.667,24.5,1.659,1.383,1.251,1.017,1.47,a,b,0
spice/generated/nor2_0292.cir,spice/outputs/nor2_0292_output.txt,1.577,111.9,0.629,1.747,1.595,1.022,7.52,a,b,0
spice/generated/nor2_0293.cir,spice/outputs/nor2_0293_output.txt,1.713,17.5,0.646,1.583,1.179,0.601,1.85,a,b,0
spice/generated/nor2_0294.cir,spice/outputs/nor2_0294_output.txt,1.414,16.6,0.664,1.7,1.895,1.611,10.8,a,b,0
spice/generated/nor2_0295.cir,spice/outputs/nor2_0295_output.txt,1.599,30.4,1.193,1.697,1.445,0.78,13.49,b,a,0
spice/generated/nor2_0296.cir,spice/outputs/nor2_0296_output.txt,1.418,61.3,0.796,1.388,1.083,1.557,4.91,a,b,0
spice/generated/nor2_0297.cir,spice/outputs/nor2_0297_output.txt,1.746,91.9,1.305,1.049,0.796,0.671,13.74,b,a,0
spice/generated/nor2_0298.cir,spice/outputs/nor2_0298_output.txt,1.717,65.5,1.395,1.417,1.381,1.022,17.06,a,b,0
spice/generated/nor2_0299.cir,spice/outputs/nor2_0299_output.txt,1.888,76.5,0.946,1.422,0.627,0.701,3.24,b,a,0
spice/generated/nor2_0300.cir,spice/outputs/nor2_0300_output.txt,1.47,21.6,0.712,1.083,1.395,1.362,9.04,b,a,0
spice/generated/nor2_0301.cir,spice/outputs/nor2_0301_output.txt,1.781,74.4,1.468,2.0,1.332,1.234,3.67,b,a,0
spice/generated/nor2_0302.cir,spice/outputs/nor2_0302_output.txt,1.905,62.2,1.798,1.928,1.227,0.793,8.29,b,a,0
spice/generated/nor2_0303.cir,spice/outputs/nor2_0303_output.txt,1.645,41.1,1.565,1.166,0.751,1.348,16.12,a,b,0
spice/generated/nor2_0304.cir,spice/outputs/nor2_0304_output.txt,1.575,5.4,1.306,0.752,1.186,1.614,15.55,a,b,0
spice/generated/nor2_0305.cir,spice/outputs/nor2_0305_output.txt,1.744,4.2,1.315,1.986,1.313,1.635,15.44,b,a,0
spice/generated/nor2_0306.cir,spice/outputs/nor2_0306_output.txt,1.728,123.3,0.654,1.745,1.627,0.947,19.99,b,a,0
spice/generated/nor2_0307.cir,spice/outputs/nor2_0307_output.txt,1.558,102.3,0.63,1.798,0.676,1.718,4.99,b,a,0
spice/generated/nor2_0308.cir,spice/outputs/nor2_0308_output.txt,1.917,60.7,1.142,1.424,1.677,1.72,16.3,b,a,0
spice/generated/nor2_0309.cir,spice/outputs/nor2_0309_output.txt,1.719,58.5,0.753,1.969,0.939,1.359,19.1,a,b,0
spice/generated/nor2_0310.cir,spice/outputs/nor2_0310_output.txt,1.481,83.8,1.117,0.589,0.916,1.484,14.33,a,b,0
spice/generated/nor2_0311.cir,spice/outputs/nor2_0311_output.txt,1.55,77.4,1.743,1.642,1.514,1.234,11.97,b,a,0
spice/generated/nor2_0312.cir,spice/outputs/nor2_0312_output.txt,1.777,21.9,0.613,1.692,1.653,1.104,15.25,b,a,0
spice/generated/nor2_0313.cir,spice/outputs/nor2_0313_output.txt,1.673,40.5,1.373,1.803,1.771,0.64,19.47,b,a,0
spice/generated/nor2_0314.cir,spice/outputs/nor2_0314_output.txt,1.91,91.3,1.097,1.952,1.737,1.242,7.13,b,a,0
spice/generated/nor2_0315.cir,spice/outputs/nor2_0315_output.txt,1.603,55.4,1.349,1.228,1.016,1.524,1.92,a,b,0
spice/generated/nor2_0316.cir,spice/outputs/nor2_0316_output.txt,1.776,98.1,0.524,1.894,0.737,1.185,19.84,b,a,0
spice/generated/nor2_0317.cir,spice/outputs/nor2_0317_output.txt,1.521,73.6,0.698,1.475,0.738,1.899,6.21,b,a,0
spice/generated/nor2_0318.cir,spice/outputs/nor2_0318_output.txt,1.55,21.4,1.856,0.748,1.095,0.958,14.29,a,b,0
spice/generated/nor2_0319.cir,spice/outputs/nor2_0319_output.txt,1.658,-25.0,0.643,0.82,0.617,1.391,10.87,b,a,0
spice/generated/nor2_0320.cir,spice/outputs/nor2_0320_output.txt,1.406,74.8,1.726,1.982,1.133,0.698,2.35,b,a,0
spice/generated/nor2_0321.cir,spice/outputs/nor2_0321_output.txt,1.454,93.0,0.655,1.051,0.949,1.074,16.45,a,b,0
spice/generated/nor2_0322.cir,spice/outputs/nor2_0322_output.txt,1.785,71.7,0.603,1.345,1.415,0.746,7.67,a,b,0
spice/generated/nor2_0323.cir,spice/outputs/nor2_0323_output.txt,1.777,-15.0,1.118,1.53,1.79,0.63,2.91,a,b,0
spice/generated/nor2_0324.cir,spice/outputs/nor2_0324_output.txt,1.754,23.4,1.945,0.972,0.71,0.915,2.6,b,a,0
spice/generated/nor2_0325.cir,spice/outputs/nor2_0325_output.txt,1.867,73.9,1.772,1.488,0.952,1.277,10.68,b,a,0
spice/generated/nor2_0326.cir,spice/outputs/nor2_0326_output.txt,1.577,-31.0,1.847,1.932,1.242,0.669,10.49,a,b,0
spice/generated/nor2_0327.cir,spice/outputs/nor2_0327_output.txt,1.717,121.3,1.98,1.901,0.698,1.791,11.8,b,a,0
spice/generated/nor2_0328.cir,spice/outputs/nor2_0328_output.txt,1.728,-11.5,1.207,1.981,0.609,1.381,1.26,a,b,0
spice/generated/nor2_0329.cir,spice/outputs/nor2_0329_output.txt,1.424,-30.0,1.684,1.26,1.443,1.252,8.89,b,a,0
spice/generated/nor2_0330.cir,spice/outputs/nor2_0330_output.txt,1.449,48.5,1.424,0.916,0.965,1.267,4.86,a,b,0
spice/generated/nor2_0331.cir,spice/outputs/nor2_0331_output.txt,1.722,24.5,1.451,1.752,1.522,0.599,14.27,a,b,0
spice/generated/nor2_0332.cir,spice/outputs/nor2_0332_output.txt,1.435,-25.8,1.152,1.18,1.413,0.964,15.09,a,b,0
spice/generated/nor2_0333.cir,spice/outputs/nor2_0333_output.txt,1.472,76.8,1.552,0.746,1.93,1.285,15.88,b,a,0
spice/generated/nor2_0334.cir,spice/outputs/nor2_0334_output.txt,1.5,-19.1,1.672,0.903,1.83,1.657,1.56,b,a,0
spice/generated/nor2_0335.cir,spice/outputs/nor2_0335_output.txt,1.563,-29.5,1.568,1.365,0.616,1.183,7.84,b,a,0
spice/generated/nor2_0336.cir,spice/outputs/nor2_0336_output.txt,1.916,-12.5,0.736,1.66,1.841,1.511,3.19,a,b,0
spice/generated/nor2_0337.cir,spice/outputs/nor2_0337_output.txt,1.426,102.4,0.867,1.208,1.074,0.725,18.69,a,b,0
spice/generated/nor2_0338.cir,spice/outputs/nor2_0338_output.txt,1.732,110.8,1.611,1.129,0.983,1.124,14.69,b,a,0
spice/generated/nor2_0339.cir,spice/outputs/nor2_0339_output.txt,1.896,54.3,0.679,1.51,0.579,0.835,10.8,a,b,0
spice/generated/nor2_0340.cir,spice/outputs/nor2_0340_output.txt,1.972,-28.6,1.198,0.923,1.767,0.991,11.51,a,b,0
spice/generated/nor2_0341.cir,spice/outputs/nor2_0341_output.txt,1.621,8.1,1.677,1.609,0.864,1.052,19.47,a,b,0
spice/generated/nor2_0342.cir,spice/outputs/nor2_0342_output.txt,1.839,50.2,1.694,0.726,1.899,0.536,11.29,a,b,0
spice/generated/nor2_0343.cir,spice/outputs/nor2_0343_output.txt,1.971,-39.8,1.486,1.774,1.591,0.656,11.07,a,b,0
spice/generated/nor2_0344.cir,spice/outputs/nor2_0344_output.txt,1.652,118.6,1.959,0.714,0.92,0.566,5.4,b,a,0
spice/generated/nor2_0345.cir,spice/outputs/nor2_0345_output.txt,1.821,21.5,1.962,0.627,0.643,0.7,16.58,a,b,0
spice/generated/nor2_0346.cir,spice/outputs/nor2_0346_output.txt,1.755,-29.7,1.494,0.696,0.938,1.776,18.59,b,a,0
spice/generated/nor2_0347.cir,spice/outputs/nor2_0347_output.txt,1.82,81.3,0.977,0.908,0.612,0.804,15.82,a,b,0
spice/generated/nor2_0348.cir,spice/outputs/nor2_0348_output.txt,1.493,-12.9,1.199,1.11,1.304,1.947,4.95,b,a,0
spice/generated/nor2_0349.cir,spice/outputs/nor2_0349_output.txt,1.678,100.7,0.636,1.711,0.956,1.557,12.46,a,b,0
spice/generated/nor2_0350.cir,spice/outputs/nor2_0350_output.txt,1.902,14.1,0.637,0.872,1.034,1.27,13.87,b,a,0
spice/generated/nor2_0351.cir,spice/outputs/nor2_0351_output.txt,1.892,-11.3,1.928,1.782,1.334,1.325,2.8,a,b,0
spice/generated/nor2_0352.cir,spice/outputs/nor2_0352_output.txt,1.882,-16.9,0.518,1.746,1.974,0.696,16.65,b,a,0
spice/generated/nor2_0353.cir,spice/outputs/nor2_0353_output.txt,1.812,114.7,0.626,1.379,1.876,0.612,19.95,a,b,0
spice/generated/nor2_0354.cir,spice/outputs/nor2_0354_output.txt,1.941,33.2,0.693,1.858,1.744,0.997,1.81,b,a,0
spice/generated/nor2_0355.cir,spice/outputs/nor2_0355_output.txt,1.43,112.5,1.15,1.587,1.244,1.074,9.11,b,a,0
spice/generated/nor2_0356.cir,spice/outputs/nor2_0356_output.txt,1.529,-9.1,0.92,1.825,0.552,1.429,5.67,b,a,0
spice/generated/nor2_0357.cir,spice/outputs/nor2_0357_output.txt,1.699,105.7,1.219,0.632,1.075,1.129,13.21,a,b,0
spice/generated/nor2_0358.cir,spice/outputs/nor2_0358_output.txt,1.778,92.4,1.692,1.984,1.673,1.039,11.35,b,a,0
spice/generated/nor2_0359.cir,spice/outputs/nor2_0359_output.txt,1.606,53.3,0.982,0.906,0.539,1.396,1.56,b,a,0
spice/generated/nor2_0360.cir,spice/outputs/nor2_0360_output.txt,1.435,123.6,1.294,1.65,1.999,1.961,2.9,a,b,0
spice/generated/nor2_0361.cir,spice/outputs/nor2_0361_output.txt,1.56,94.7,1.876,0.584,1.995,0.829,17.08,b,a,0
spice/generated/nor2_0362.cir,spice/outputs/nor2_0362_output.txt,1.613,98.5,1.768,0.764,1.389,1.709,14.25,a,b,0
spice/generated/nor2_0363.cir,spice/outputs/nor2_0363_output.txt,1.822,18.0,1.351,0.713,1.923,1.755,16.4,b,a,0
spice/generated/nor2_0364.cir,spice/outputs/nor2_0364_output.txt,1.725,-11.0,0.557,0.584,1.402,0.53,10.08,b,a,0
spice/generated/nor2_0365.cir,spice/outputs/nor2_0365_output.txt,1.951,-6.8,0.696,1.575,1.878,1.766,7.15,a,b,0
spice/generated/nor2_0366.cir,spice/outputs/nor2_0366_output.txt,1.489,76.3,0.712,0.666,1.289,1.047,2.38,b,a,0
spice/generated/nor2_0367.cir,spice/outputs/nor2_0367_output.txt,1.752,15.5,0.984,1.964,1.599,1.155,13.15,b,a,0
spice/generated/nor2_0368.cir,spice/outputs/nor2_0368_output.txt,1.79,-11.3,1.953,1.54,1.893,1.68,5.24,a,b,0
spice/generated/nor2_0369.cir,spice/outputs/nor2_0369_output.txt,1.627,81.1,0.942,0.767,0.503,1.553,11.88,a,b,0
spice/generated/nor2_0370.cir,spice/outputs/nor2_0370_output.txt,1.509,12.5,1.713,1.417,1.459,0.656,10.43,b,a,0
spice/generated/nor2_0371.cir,spice/outputs/nor2_0371_output.txt,1.847,-0.7,1.974,0.752,1.828,0.633,14.47,b,a,0
spice/generated/nor2_0372.cir,spice/outputs/nor2_0372_output.txt,1.668,3.8,0.874,0.602,0.885,0.662,1.02,b,a,0
spice/generated/nor2_0373.cir,spice/outputs/nor2_0373_output.txt,1.663,29.2,0.75,1.121,1.823,1.027,8.13,b,a,0
spice/generated/nor2_0374.cir,spice/outputs/nor2_0374_output.txt,1.873,55.4,1.637,0.838,1.177,1.699,1.63,a,b,0
spice/generated/nor2_0375.cir,spice/outputs/nor2_0375_output.txt,1.591,117.0,0.611,0.755,1.063,1.598,11.39,a,b,0
spice/generated/nor2_0376.cir,spice/outputs/nor2_0376_output.txt,1.603,122.6,1.84,1.557,1.147,1.48,12.54,b,a,0
spice/generated/nor2_0377.cir,spice/outputs/nor2_0377_output.txt,1.494,-23.3,0.808,0.785,1.546,1.583,14.87,b,a,0
spice/generated/nor2_0378.cir,spice/outputs/nor2_0378_output.txt,1.796,9.1,0.644,1.089,1.324,1.236,2.04,a,b,0
spice/generated/nor2_0379.cir,spice/outputs/nor2_0379_output.txt,1.657,8.6,1.493,1.4,0.8,0.539,4.25,b,a,0
spice/generated/nor2_0380.cir,spice/outputs/nor2_0380_output.txt,1.986,38.1,0.673,1.677,1.206,1.842,6.04,b,a,0
spice/generated/nor2_0381.cir,spice/outputs/nor2_0381_output.txt,1.511,106.1,1.054,1.169,0.895,1.198,5.3,b,a,0
spice/generated/nor2_0382.cir,spice/outputs/nor2_0382_output.txt,1.739,-15.1,1.545,0.645,1.502,1.712,8.87,a,b,0
spice/generated/nor2_0383.cir,spice/outputs/nor2_0383_output.txt,1.732,98.7,1.728,1.128,1.303,1.8,10.02,a,b,0
spice/generated/nor2_0384.cir,spice/outputs/nor2_0384_output.txt,1.686,-27.0,1.854,1.571,1.253,1.851,16.21,a,b,0
spice/generated/nor2_0385.cir,spice/outputs/nor2_0385_output.txt,1.472,84.9,0.759,1.977,1.958,1.713,3.4,b,a,0
spice/generated/nor2_0386.cir,spice/outputs/nor2_0386_output.txt,1.447,72.7,0.803,1.734,0.722,1.393,7.08,a,b,0
spice/generated/nor2_0387.cir,spice/outputs/nor2_0387_output.txt,1.452,51.8,1.328,1.785,1.28,1.876,1.23,b,a,0
spice/generated/nor2_0388.cir,spice/outputs/nor2_0388_output.txt,1.468,-15.3,1.35,1.374,1.947,0.65,3.01,a,b,0
spice/generated/nor2_0389.cir,spice/outputs/nor2_0389_output.txt,1.871,103.1,1.82,1.817,0.896,1.482,11.87,b,a,0
spice/generated/nor2_0390.cir,spice/outputs/nor2_0390_output.txt,1.422,5.4,0.716,1.413,1.54,0.558,17.9,b,a,0
spice/generated/nor2_0391.cir,spice/outputs/nor2_0391_output.txt,1.814,-31.9,1.213,0.903,1.059,1.007,16.08,b,a,0
spice/generated/nor2_0392.cir,spice/outputs/nor2_0392_output.txt,1.568,41.1,1.544,0.647,1.803,0.702,19.51,b,a,0
spice/generated/nor2_0393.cir,spice/outputs/nor2_0393_output.txt,1.864,12.9,1.593,1.407,0.634,1.163,18.36,b,a,0
spice/generated/nor2_0394.cir,spice/outputs/nor2_0394_output.txt,1.845,85.3,1.801,1.732,1.273,0.738,6.91,b,a,0
spice/generated/nor2_0395.cir,spice/outputs/nor2_0395_output.txt,1.481,100.5,1.819,0.543,0.789,1.749,16.9,a,b,0
spice/generated/nor2_0396.cir,spice/outputs/nor2_0396_output.txt,1.42,-31.7,1.041,0.799,1.053,1.196,8.54,a,b,0
spice/generated/nor2_0397.cir,spice/outputs/nor2_0397_output.txt,1.809,-0.1,1.233,1.169,1.941,1.212,11.48,b,a,0
spice/generated/nor2_0398.cir,spice/outputs/nor2_0398_output.txt,1.498,107.6,1.623,1.533,0.928,1.08,4.1,a,b,0
spice/generated/nor2_0399.cir,spice/outputs/nor2_0399_output.txt,1.914,66.8,1.517,0.904,1.114,0.53,15.83,a,b,0
spice/generated/nor2_0400.cir,spice/outputs/nor2_0400_output.txt,1.684,-18.2,0.76,1.701,0.836,1.413,18.92,b,a,0
spice/generated/nor2_0401.cir,spice/outputs/nor2_0401_output.txt,1.654,22.1,1.023,0.878,1.2,1.516,16.66,b,a,0
spice/generated/nor2_0402.cir,spice/outputs/nor2_0402_output.txt,1.751,-38.8,1.999,1.95,1.759,1.342,12.28,b,a,0
spice/generated/nor2_0403.cir,spice/outputs/nor2_0403_output.txt,1.579,-22.2,0.596,1.983,1.461,1.792,5.96,b,a,0
spice/generated/nor2_0404.cir,spice/outputs/nor2_0404_output.txt,1.513,45.4,0.86,0.585,1.786,1.715,8.68,b,a,0
spice/generated/nor2_0405.cir,spice/outputs/nor2_0405_output.txt,1.808,79.0,1.483,1.996,0.889,1.128,8.38,a,b,0
spice/generated/nor2_0406.cir,spice/outputs/nor2_0406_output.txt,1.75,124.1,1.724,1.015,1.57,1.529,13.13,b,a,0
spice/generated/nor2_0407.cir,spice/outputs/nor2_0407_output.txt,1.944,70.9,1.261,1.768,1.761,1.815,4.44,a,b,0
spice/generated/nor2_0408.cir,spice/outputs/nor2_0408_output.txt,1.682,82.3,1.588,1.339,1.869,1.92,18.09,a,b,0
spice/generated/nor2_0409.cir,spice/outputs/nor2_0409_output.txt,1.533,-3.2,1.807,1.131,1.83,1.058,12.13,b,a,0
spice/generated/nor2_0410.cir,spice/outputs/nor2_0410_output.txt,1.911,37.6,1.8,1.375,1.916,0.607,17.9,a,b,0
spice/generated/nor2_0411.cir,spice/outputs/nor2_0411_output.txt,1.92,23.0,0.948,0.581,1.781,0.706,4.81,b,a,0
spice/generated/nor2_0412.cir,spice/outputs/nor2_0412_output.txt,1.992,107.3,1.98,0.715,1.794,0.771,2.54,b,a,0
spice/generated/nor2_0413.cir,spice/outputs/nor2_0413_output.txt,1.779,-10.8,1.452,0.507,0.91,1.642,4.2,a,b,0
spice/generated/nor2_0414.cir,spice/outputs/nor2_0414_output.txt,1.694,86.0,0.632,1.422,1.45,1.105,19.34,b,a,0
spice/generated/nor2_0415.cir,spice/outputs/nor2_0415_output.txt,1.403,48.1,1.596,1.925,1.838,1.635,11.09,a,b,0
spice/generated/nor2_0416.cir,spice/outputs/nor2_0416_output.txt,1.806,63.4,0.873,1.54,1.017,0.693,8.29,b,a,0
spice/generated/nor2_0417.cir,spice/outputs/nor2_0417_output.txt,1.5,95.9,0.947,0.936,1.592,1.395,7.42,a,b,0
spice/generated/nor2_0418.cir,spice/outputs/nor2_0418_output.txt,1.606,108.7,1.039,0.783,1.922,1.877,8.66,a,b,0
spice/generated/nor2_0419.cir,spice/outputs/nor2_0419_output.txt,1.535,122.5,0.817,0.533,1.257,0.685,14.51,a,b,0
spice/generated/nor2_0420.cir,spice/outputs/nor2_0420_output.txt,1.625,65.7,1.657,1.435,1.391,0.572,3.05,a,b,0
spice/generated/nor2_0421.cir,spice/outputs/nor2_0421_output.txt,1.429,-20.9,1.166,0.685,0.879,1.553,4.9,a,b,0
spice/generated/nor2_0422.cir,spice/outputs/nor2_0422_output.txt,1.581,69.2,1.494,0.905,1.408,0.706,16.78,a,b,0
spice/generated/nor2_0423.cir,spice/outputs/nor2_0423_output.txt,1.707,61.9,0.924,1.677,1.247,1.414,15.78,a,b,0
spice/generated/nor2_0424.cir,spice/outputs/nor2_0424_output.txt,1.615,27.6,0.741,1.322,1.866,1.532,10.13,a,b,0
spice/generated/nor2_0425.cir,spice/outputs/nor2_0425_output.txt,1.402,70.8,1.86,1.753,1.504,0.724,2.71,a,b,0
spice/generated/nor2_0426.cir,spice/outputs/nor2_0426_output.txt,1.834,-23.3,0.884,0.847,1.983,0.944,9.82,a,b,0
spice/generated/nor2_0427.cir,spice/outputs/nor2_0427_output.txt,1.888,104.2,1.778,1.04,1.515,1.139,3.2,a,b,0
spice/generated/nor2_0428.cir,spice/outputs/nor2_0428_output.txt,1.406,-17.2,1.471,0.993,1.842,1.933,6.1,a,b,0
spice/generated/nor2_0429.cir,spice/outputs/nor2_0429_output.txt,1.624,16.5,0.671,1.1,1.185,1.754,14.11,b,a,0
spice/generated/nor2_0430.cir,spice/outputs/nor2_0430_output.txt,1.88,67.1,1.695,0.67,1.544,0.588,18.91,a,b,0
spice/generated/nor2_0431.cir,spice/outputs/nor2_0431_output.txt,1.462,110.4,1.224,1.353,1.157,1.417,15.8,a,b,0
spice/generated/nor2_0432.cir,spice/outputs/nor2_0432_output.txt,1.918,105.2,1.591,1.838,1.225,1.232,17.86,b,a,0
spice/generated/nor2_0433.cir,spice/outputs/nor2_0433_output.txt,1.428,3.2,0.971,1.557,1.517,1.651,11.96,a,b,0
spice/generated/nor2_0434.cir,spice/outputs/nor2_0434_output.txt,1.987,70.5,1.007,1.285,1.551,0.643,13.57,a,b,0
spice/generated/nor2_0435.cir,spice/outputs/nor2_0435_output.txt,1.689,69.5,1.462,0.723,1.74,1.838,12.65,a,b,0
spice/generated/nor2_0436.cir,spice/outputs/nor2_0436_output.txt,1.786,-14.1,1.773,1.778,1.804,0.612,10.34,a,b,0
spice/generated/nor2_0437.cir,spice/outputs/nor2_0437_output.txt,1.599,5.9,1.26,1.326,1.068,1.726,2.5,b,a,0
spice/generated/nor2_0438.cir,spice/outputs/nor2_0438_output.txt,1.881,33.9,1.785,1.171,0.678,1.246,13.41,a,b,0
spice/generated/nor2_0439.cir,spice/outputs/nor2_0439_output.txt,1.642,-34.1,1.324,1.739,1.688,1.945,13.11,a,b,0
spice/generated/nor2_0440.cir,spice/outputs/nor2_0440_output.txt,1.793,35.3,1.011,1.738,1.725,1.766,7.31,b,a,0
spice/generated/nor2_0441.cir,spice/outputs/nor2_0441_output.txt,1.83,19.9,1.179,0.646,1.488,0.503,7.75,b,a,0
spice/generated/nor2_0442.cir,spice/outputs/nor2_0442_output.txt,1.729,21.7,0.659,1.845,1.239,1.733,15.11,b,a,0
spice/generated/nor2_0443.cir,spice/outputs/nor2_0443_output.txt,1.464,60.8,0.781,1.895,1.089,1.186,15.85,b,a,0
spice/generated/nor2_0444.cir,spice/outputs/nor2_0444_output.txt,1.465,28.4,1.89,1.756,1.383,1.658,9.56,a,b,0
spice/generated/nor2_0445.cir,spice/outputs/nor2_0445_output.txt,1.978,-39.3,1.604,1.33,1.149,1.378,18.56,a,b,0
spice/generated/nor2_0446.cir,spice/outputs/nor2_0446_output.txt,1.815,-11.3,1.723,0.655,1.486,1.409,7.12,b,a,0
spice/generated/nor2_0447.cir,spice/outputs/nor2_0447_output.txt,1.651,60.5,1.539,0.872,1.097,1.014,6.59,a,b,0
spice/generated/nor2_0448.cir,spice/outputs/nor2_0448_output.txt,1.483,59.4,1.83,1.268,1.765,1.322,6.96,a,b,0
spice/generated/nor2_0449.cir,spice/outputs/nor2_0449_output.txt,1.521,63.0,0.936,1.018,1.509,1.972,13.35,a,b,0
spice/generated/nor2_0450.cir,spice/outputs/nor2_0450_output.txt,1.702,74.6,0.984,0.673,1.028,1.221,11.84,b,a,0
spice/generated/nor2_0451.cir,spice/outputs/nor2_0451_output.txt,1.805,107.5,1.301,1.816,1.134,0.519,3.02,b,a,0
spice/generated/nor2_0452.cir,spice/outputs/nor2_0452_output.txt,1.487,70.6,0.8,1.625,0.741,0.93,5.76,a,b,0
spice/generated/nor2_0453.cir,spice/outputs/nor2_0453_output.txt,1.814,8.7,1.63,0.548,1.721,0.654,17.49,a,b,0
spice/generated/nor2_0454.cir,spice/outputs/nor2_0454_output.txt,1.845,52.6,0.856,1.676,1.698,0.931,13.63,b,a,0
spice/generated/nor2_0455.cir,spice/outputs/nor2_0455_output.txt,1.633,117.9,1.964,0.969,1.328,0.519,5.78,b,a,0
spice/generated/nor2_0456.cir,spice/outputs/nor2_0456_output.txt,1.898,110.4,1.557,1.471,1.633,1.32,12.46,a,b,0
spice/generated/nor2_0457.cir,spice/outputs/nor2_0457_output.txt,1.577,-10.7,1.524,0.78,0.761,1.271,8.17,b,a,0
spice/generated/nor2_0458.cir,spice/outputs/nor2_0458_output.txt,1.567,3.6,0.741,1.769,0.508,1.199,18.81,a,b,0
spice/generated/nor2_0459.cir,spice/outputs/nor2_0459_output.txt,1.492,13.2,0.576,1.899,1.423,1.493,10.32,b,a,0
spice/generated/nor2_0460.cir,spice/outputs/nor2_0460_output.txt,1.444,76.8,1.288,1.935,1.281,1.679,4.03,b,a,0
spice/generated/nor2_0461.cir,spice/outputs/nor2_0461_output.txt,1.455,-3.5,0.82,0.998,1.041,0.828,15.3,b,a,0
spice/generated/nor2_0462.cir,spice/outputs/nor2_0462_output.txt,1.998,95.9,1.972,0.513,1.503,1.169,18.19,a,b,0
spice/generated/nor2_0463.cir,spice/outputs/nor2_0463_output.txt,1.975,72.6,0.981,1.874,1.917,1.079,11.26,b,a,0
spice/generated/nor2_0464.cir,spice/outputs/nor2_0464_output.txt,1.415,45.3,1.656,1.271,1.263,1.23,6.63,a,b,0
spice/generated/nor2_0465.cir,spice/outputs/nor2_0465_output.txt,1.592,-26.4,0.644,1.957,1.66,1.3,12.91,a,b,0
spice/generated/nor2_0466.cir,spice/outputs/nor2_0466_output.txt,1.802,87.6,1.797,1.136,0.656,1.307,14.35,b,a,0
spice/generated/nor2_0467.cir,spice/outputs/nor2_0467_output.txt,1.788,115.1,1.62,0.731,1.189,0.998,2.66,a,b,0
spice/generated/nor2_0468.cir,spice/outputs/nor2_0468_output.txt,1.507,1.6,0.606,1.732,1.866,1.111,9.57,b,a,0
spice/generated/nor2_0469.cir,spice/outputs/nor2_0469_output.txt,1.66,-37.2,1.51,1.302,1.462,1.428,15.36,a,b,0
spice/generated/nor2_0470.cir,spice/outputs/nor2_0470_output.txt,1.821,-28.0,1.892,0.659,1.68,0.952,2.64,b,a,0
spice/generated/nor2_0471.cir,spice/outputs/nor2_0471_output.txt,1.629,95.7,0.546,0.734,0.83,1.62,16.14,b,a,0
spice/generated/nor2_0472.cir,spice/outputs/nor2_0472_output.txt,1.976,-16.2,1.516,1.871,1.693,1.594,8.09,a,b,0
spice/generated/nor2_0473.cir,spice/outputs/nor2_0473_output.txt,1.732,51.6,0.685,0.508,1.395,1.306,18.99,b,a,0
spice/generated/nor2_0474.cir,spice/outputs/nor2_0474_output.txt,1.526,82.3,1.589,0.818,1.858,1.777,3.71,a,b,0
spice/generated/nor2_0475.cir,spice/outputs/nor2_0475_output.txt,1.532,97.7,0.791,0.772,1.699,1.778,17.18,b,a,0
spice/generated/nor2_0476.cir,spice/outputs/nor2_0476_output.txt,1.787,-27.9,1.508,0.876,0.796,1.371,19.08,b,a,0
spice/generated/nor2_0477.cir,spice/outputs/nor2_0477_output.txt,1.477,68.2,0.65,1.429,1.85,0.977,9.56,b,a,0
spice/generated/nor2_0478.cir,spice/outputs/nor2_0478_output.txt,1.816,-14.9,1.35,1.712,1.938,0.753,6.95,a,b,0
spice/generated/nor2_0479.cir,spice/outputs/nor2_0479_output.txt,1.827,65.7,0.915,1.039,1.519,0.997,10.12,b,a,0
spice/generated/nor2_0480.cir,spice/outputs/nor2_0480_output.txt,1.615,10.4,1.328,0.764,1.41,1.763,17.32,a,b,0
spice/generated/nor2_0481.cir,spice/outputs/nor2_0481_output.txt,1.935,-7.6,1.6,1.44,1.591,1.838,17.14,a,b,0
spice/generated/nor2_0482.cir,spice/outputs/nor2_0482_output.txt,1.888,55.5,1.654,0.819,0.555,0.891,17.99,b,a,0
spice/generated/nor2_0483.cir,spice/outputs/nor2_0483_output.txt,1.792,-15.5,1.089,1.837,1.384,1.786,3.54,a,b,0
spice/generated/nor2_0484.cir,spice/outputs/nor2_0484_output.txt,1.638,42.9,1.494,1.772,1.71,1.421,4.15,a,b,0
spice/generated/nor2_0485.cir,spice/outputs/nor2_0485_output.txt,1.668,-10.4,1.923,1.489,1.952,1.604,10.19,b,a,0
spice/generated/nor2_0486.cir,spice/outputs/nor2_0486_output.txt,1.424,85.6,0.848,0.897,0.851,1.503,10.84,b,a,0
spice/generated/nor2_0487.cir,spice/outputs/nor2_0487_output.txt,1.633,111.5,1.822,0.56,1.473,0.655,19.4,b,a,0
spice/generated/nor2_0488.cir,spice/outputs/nor2_0488_output.txt,1.901,3.4,1.317,0.761,1.481,1.048,13.41,a,b,0
spice/generated/nor2_0489.cir,spice/outputs/nor2_0489_output.txt,1.71,22.1,1.861,1.275,1.029,1.802,10.25,b,a,0
spice/generated/nor2_0490.cir,spice/outputs/nor2_0490_output.txt,1.932,-38.9,1.823,1.16,0.845,1.272,6.34,a,b,0
spice/generated/nor2_0491.cir,spice/outputs/nor2_0491_output.txt,1.512,19.8,1.576,0.677,0.846,1.717,14.68,b,a,0
spice/generated/nor2_0492.cir,spice/outputs/nor2_0492_output.txt,1.805,39.0,1.386,1.471,1.116,0.866,3.43,a,b,0
spice/generated/nor2_0493.cir,spice/outputs/nor2_0493_output.txt,1.481,44.6,1.836,0.72,0.75,1.884,10.82,b,a,0
spice/generated/nor2_0494.cir,spice/outputs/nor2_0494_output.txt,1.76,53.0,0.528,1.579,1.493,0.925,2.63,b,a,0
spice/generated/nor2_0495.cir,spice/outputs/nor2_0495_output.txt,1.764,37.8,1.223,0.829,1.116,0.714,12.07,a,b,0
spice/generated/nor2_0496.cir,spice/outputs/nor2_0496_output.txt,1.774,44.3,0.752,1.528,1.884,1.395,2.31,b,a,0
spice/generated/nor2_0497.cir,spice/outputs/nor2_0497_output.txt,1.631,-22.1,0.804,1.789,1.257,1.13,3.84,a,b,0
spice/generated/nor2_0498.cir,spice/outputs/nor2_0498_output.txt,1.506,108.8,1.4,1.817,1.297,1.629,2.77,a,b,0
spice/generated/nor2_0499.cir,spice/outputs/nor2_0499_output.txt,1.941,49.0,0.502,1.907,1.518,1.147,8.99,a,b,0
