deck_file,output_file,vdd,temp,width_p,width_n,cload
spice/generated/inverter_0000.cir,spice/outputs/inverter_0000_output.txt,1.784,-35.9,0.913,0.835,14.99
spice/generated/inverter_0001.cir,spice/outputs/inverter_0001_output.txt,1.806,107.2,0.63,1.133,1.57
spice/generated/inverter_0002.cir,spice/outputs/inverter_0002_output.txt,1.531,43.4,0.54,0.798,13.35
spice/generated/inverter_0003.cir,spice/outputs/inverter_0003_output.txt,1.727,-3.6,1.384,1.714,1.12
spice/generated/inverter_0004.cir,spice/outputs/inverter_0004_output.txt,1.883,75.2,1.01,0.733,19.19
spice/generated/inverter_0005.cir,spice/outputs/inverter_0005_output.txt,1.602,-24.7,0.645,1.771,12.47
spice/generated/inverter_0006.cir,spice/outputs/inverter_0006_output.txt,1.884,80.4,1.304,1.96,8.19
spice/generated/inverter_0007.cir,spice/outputs/inverter_0007_output.txt,1.731,96.9,1.428,1.793,11.97
spice/generated/inverter_0008.cir,spice/outputs/inverter_0008_output.txt,1.823,-32.4,0.842,0.934,2.52
spice/generated/inverter_0009.cir,spice/outputs/inverter_0009_output.txt,1.54,-23.3,0.917,1.454,7.93
spice/generated/inverter_0010.cir,spice/outputs/inverter_0010_output.txt,1.622,-5.4,0.9,1.905,13.31
spice/generated/inverter_0011.cir,spice/outputs/inverter_0011_output.txt,1.765,-11.8,1.594,0.745,8.21
spice/generated/inverter_0012.cir,spice/outputs/inverter_0012_output.txt,1.994,65.6,1.335,1.527,17.01
spice/generated/inverter_0013.cir,spice/outputs/inverter_0013_output.txt,1.866,-2.2,0.548,0.973,6.09
spice/generated/inverter_0014.cir,spice/outputs/inverter_0014_output.txt,1.527,115.6,1.815,0.972,13.45
spice/generated/inverter_0015.cir,spice/outputs/inverter_0015_output.txt,1.637,110.9,1.188,0.897,5.69
spice/generated/inverter_0016.cir,spice/outputs/inverter_0016_output.txt,1.737,3.4,1.377,1.847,8.59
spice/generated/inverter_0017.cir,spice/outputs/inverter_0017_output.txt,1.532,124.6,1.264,0.636,1.9
spice/generated/inverter_0018.cir,spice/outputs/inverter_0018_output.txt,1.466,63.5,1.688,1.133,2.21
spice/generated/inverter_0019.cir,spice/outputs/inverter_0019_output.txt,1.629,124.4,1.294,1.957,17.35
spice/generated/inverter_0020.cir,spice/outputs/inverter_0020_output.txt,1.407,78.9,1.523,1.305,6.07
spice/generated/inverter_0021.cir,spice/outputs/inverter_0021_output.txt,1.785,-21.6,1.152,1.181,19.12
spice/generated/inverter_0022.cir,spice/outputs/inverter_0022_output.txt,1.926,3.5,1.251,0.768,18.34
spice/generated/inverter_0023.cir,spice/outputs/inverter_0023_output.txt,1.922,9.2,1.458,1.413,3.9
spice/generated/inverter_0024.cir,spice/outputs/inverter_0024_output.txt,1.858,49.0,1.668,1.296,1.01
spice/generated/inverter_0025.cir,spice/outputs/inverter_0025_output.txt,1.594,-36.8,1.894,1.818,16.8
spice/generated/inverter_0026.cir,spice/outputs/inverter_0026_output.txt,1.585,-30.4,1.817,1.92,2.63
spice/generated/inverter_0027.cir,spice/outputs/inverter_0027_output.txt,1.692,-28.6,1.641,1.649,3.44
spice/generated/inverter_0028.cir,spice/outputs/inverter_0028_output.txt,1.685,50.7,0.898,1.809,9.04
spice/generated/inverter_0029.cir,spice/outputs/inverter_0029_output.txt,1.527,49.0,1.595,0.802,6.92
spice/generated/inverter_0030.cir,spice/outputs/inverter_0030_output.txt,1.997,67.2,1.157,1.276,3.3
spice/generated/inverter_0031.cir,spice/outputs/inverter_0031_output.txt,1.535,15.8,1.382,0.845,5.18
spice/generated/inverter_0032.cir,spice/outputs/inverter_0032_output.txt,1.443,64.1,0.843,1.858,17.33
spice/generated/inverter_0033.cir,spice/outputs/inverter_0033_output.txt,1.443,-0.7,1.503,0.821,3.51
spice/generated/inverter_0034.cir,spice/outputs/inverter_0034_output.txt,1.961,54.2,1.209,1.677,16.34
spice/generated/inverter_0035.cir,spice/outputs/inverter_0035_output.txt,1.514,-24.0,1.147,1.135,9.87
spice/generated/inverter_0036.cir,spice/outputs/inverter_0036_output.txt,1.837,71.1,1.976,0.648,8.65
spice/generated/inverter_0037.cir,spice/outputs/inverter_0037_output.txt,1.604,102.2,0.873,0.785,9.52
spice/generated/inverter_0038.cir,spice/outputs/inverter_0038_output.txt,1.653,6.0,0.875,1.885,9.42
spice/generated/inverter_0039.cir,spice/outputs/inverter_0039_output.txt,1.917,50.8,0.576,1.999,16.88
spice/generated/inverter_0040.cir,spice/outputs/inverter_0040_output.txt,1.981,112.9,1.773,0.749,10.23
spice/generated/inverter_0041.cir,spice/outputs/inverter_0041_output.txt,1.528,26.2,0.588,1.068,19.72
spice/generated/inverter_0042.cir,spice/outputs/inverter_0042_output.txt,1.559,89.4,1.183,1.135,19.19
spice/generated/inverter_0043.cir,spice/outputs/inverter_0043_output.txt,1.997,51.7,1.578,0.732,6.64
spice/generated/inverter_0044.cir,spice/outputs/inverter_0044_output.txt,1.981,55.6,1.313,1.622,2.09
spice/generated/inverter_0045.cir,spice/outputs/inverter_0045_output.txt,1.751,43.0,1.779,0.736,19.25
spice/generated/inverter_0046.cir,spice/outputs/inverter_0046_output.txt,1.448,-9.3,1.393,1.513,5.47
spice/generated/inverter_0047.cir,spice/outputs/inverter_0047_output.txt,1.472,106.9,0.869,1.392,12.77
spice/generated/inverter_0048.cir,spice/outputs/inverter_0048_output.txt,1.652,56.3,1.284,1.902,4.88
spice/generated/inverter_0049.cir,spice/outputs/inverter_0049_output.txt,1.83,-0.6,1.094,1.508,6.7
spice/generated/inverter_0050.cir,spice/outputs/inverter_0050_output.txt,1.59,84.1,0.609,1.187,19.97
spice/generated/inverter_0051.cir,spice/outputs/inverter_0051_output.txt,1.998,-27.9,0.82,0.898,18.73
spice/generated/inverter_0052.cir,spice/outputs/inverter_0052_output.txt,1.929,105.1,1.054,0.737,16.84
spice/generated/inverter_0053.cir,spice/outputs/inverter_0053_output.txt,1.822,60.9,1.981,1.481,1.15
spice/generated/inverter_0054.cir,spice/outputs/inverter_0054_output.txt,1.89,9.4,1.495,1.908,3.55
spice/generated/inverter_0055.cir,spice/outputs/inverter_0055_output.txt,1.469,-22.3,1.33,0.909,12.49
spice/generated/inverter_0056.cir,spice/outputs/inverter_0056_output.txt,1.831,-6.4,1.451,0.896,10.28
spice/generated/inverter_0057.cir,spice/outputs/inverter_0057_output.txt,1.943,99.6,0.638,1.135,6.26
spice/generated/inverter_0058.cir,spice/outputs/inverter_0058_output.txt,1.402,87.2,1.456,0.893,15.08
spice/generated/inverter_0059.cir,spice/outputs/inverter_0059_output.txt,1.731,30.6,0.515,0.613,17.78
spice/generated/inverter_0060.cir,spice/outputs/inverter_0060_output.txt,1.942,50.0,1.752,1.374,3.81
spice/generated/inverter_0061.cir,spice/outputs/inverter_0061_output.txt,1.476,10.9,1.848,1.694,17.35
spice/generated/inverter_0062.cir,spice/outputs/inverter_0062_output.txt,1.939,-5.3,0.874,0.654,15.82
spice/generated/inverter_0063.cir,spice/outputs/inverter_0063_output.txt,1.93,27.1,1.431,0.732,18.67
spice/generated/inverter_0064.cir,spice/outputs/inverter_0064_output.txt,1.919,121.1,1.716,1.822,1.47
spice/generated/inverter_0065.cir,spice/outputs/inverter_0065_output.txt,1.842,14.8,1.896,1.703,17.42
spice/generated/inverter_0066.cir,spice/outputs/inverter_0066_output.txt,1.886,4.0,1.681,0.662,17.57
spice/generated/inverter_0067.cir,spice/outputs/inverter_0067_output.txt,1.915,-3.3,1.725,1.19,6.8
spice/generated/inverter_0068.cir,spice/outputs/inverter_0068_output.txt,1.877,-2.4,0.535,0.79,7.24
spice/generated/inverter_0069.cir,spice/outputs/inverter_0069_output.txt,1.919,119.5,0.919,1.462,8.59
spice/generated/inverter_0070.cir,spice/outputs/inverter_0070_output.txt,1.989,48.5,1.909,0.673,19.44
spice/generated/inverter_0071.cir,spice/outputs/inverter_0071_output.txt,1.507,118.8,0.898,0.663,9.26
spice/generated/inverter_0072.cir,spice/outputs/inverter_0072_output.txt,1.837,11.8,1.409,1.267,8.32
spice/generated/inverter_0073.cir,spice/outputs/inverter_0073_output.txt,1.746,2.0,1.563,0.503,18.59
spice/generated/inverter_0074.cir,spice/outputs/inverter_0074_output.txt,1.723,78.7,1.613,1.506,7.92
spice/generated/inverter_0075.cir,spice/outputs/inverter_0075_output.txt,1.442,69.6,0.995,0.971,17.11
spice/generated/inverter_0076.cir,spice/outputs/inverter_0076_output.txt,1.832,9.6,0.964,1.113,8.65
spice/generated/inverter_0077.cir,spice/outputs/inverter_0077_output.txt,1.577,-19.0,1.131,1.911,13.87
spice/generated/inverter_0078.cir,spice/outputs/inverter_0078_output.txt,1.942,61.6,0.951,1.322,1.01
spice/generated/inverter_0079.cir,spice/outputs/inverter_0079_output.txt,1.572,30.9,1.37,1.482,9.83
spice/generated/inverter_0080.cir,spice/outputs/inverter_0080_output.txt,1.665,-4.7,1.21,1.852,16.12
spice/generated/inverter_0081.cir,spice/outputs/inverter_0081_output.txt,1.502,-26.0,1.273,1.449,7.37
spice/generated/inverter_0082.cir,spice/outputs/inverter_0082_output.txt,1.891,83.9,1.509,0.837,4.78
spice/generated/inverter_0083.cir,spice/outputs/inverter_0083_output.txt,1.415,0.4,1.213,1.775,2.38
spice/generated/inverter_0084.cir,spice/outputs/inverter_0084_output.txt,1.649,63.9,0.792,1.545,10.39
spice/generated/inverter_0085.cir,spice/outputs/inverter_0085_output.txt,1.546,68.2,0.508,1.626,15.63
spice/generated/inverter_0086.cir,spice/outputs/inverter_0086_output.txt,1.464,30.1,0.764,1.937,10.84
spice/generated/inverter_0087.cir,spice/outputs/inverter_0087_output.txt,1.43,1.1,1.773,1.185,16.23
spice/generated/inverter_0088.cir,spice/outputs/inverter_0088_output.txt,1.801,123.0,1.393,1.925,17.94
spice/generated/inverter_0089.cir,spice/outputs/inverter_0089_output.txt,1.768,78.7,1.257,1.746,11.41
spice/generated/inverter_0090.cir,spice/outputs/inverter_0090_output.txt,1.938,82.7,1.212,0.889,5.7
spice/generated/inverter_0091.cir,spice/outputs/inverter_0091_output.txt,1.783,86.4,1.282,1.44,6.22
spice/generated/inverter_0092.cir,spice/outputs/inverter_0092_output.txt,1.446,7.1,0.908,0.98,11.26
spice/generated/inverter_0093.cir,spice/outputs/inverter_0093_output.txt,1.483,-1.8,1.541,1.56,2.22
spice/generated/inverter_0094.cir,spice/outputs/inverter_0094_output.txt,1.645,49.5,1.124,0.81,8.98
spice/generated/inverter_0095.cir,spice/outputs/inverter_0095_output.txt,1.943,56.4,1.543,1.785,15.55
spice/generated/inverter_0096.cir,spice/outputs/inverter_0096_output.txt,1.628,-39.0,1.028,1.63,17.22
spice/generated/inverter_0097.cir,spice/outputs/inverter_0097_output.txt,1.972,29.1,1.621,1.319,12.46
spice/generated/inverter_0098.cir,spice/outputs/inverter_0098_output.txt,1.532,-3.8,1.154,0.544,7.39
spice/generated/inverter_0099.cir,spice/outputs/inverter_0099_output.txt,1.807,26.7,0.748,1.201,3.42
spice/generated/inverter_0100.cir,spice/outputs/inverter_0100_output.txt,1.773,-35.6,1.091,1.347,1.51
spice/generated/inverter_0101.cir,spice/outputs/inverter_0101_output.txt,1.786,-17.6,1.193,0.575,8.2
spice/generated/inverter_0102.cir,spice/outputs/inverter_0102_output.txt,1.527,13.9,1.642,1.069,15.29
spice/generated/inverter_0103.cir,spice/outputs/inverter_0103_output.txt,1.899,1.6,0.623,0.529,11.25
spice/generated/inverter_0104.cir,spice/outputs/inverter_0104_output.txt,2.0,17.7,1.475,1.672,13.38
spice/generated/inverter_0105.cir,spice/outputs/inverter_0105_output.txt,1.853,116.7,0.799,0.531,3.9
spice/generated/inverter_0106.cir,spice/outputs/inverter_0106_output.txt,1.476,70.5,1.346,0.827,14.29
spice/generated/inverter_0107.cir,spice/outputs/inverter_0107_output.txt,1.86,-12.3,1.411,1.622,3.18
spice/generated/inverter_0108.cir,spice/outputs/inverter_0108_output.txt,1.892,119.2,0.662,0.539,6.93
spice/generated/inverter_0109.cir,spice/outputs/inverter_0109_output.txt,1.806,118.1,1.095,1.573,2.44
spice/generated/inverter_0110.cir,spice/outputs/inverter_0110_output.txt,1.814,63.5,0.653,1.659,17.16
spice/generated/inverter_0111.cir,spice/outputs/inverter_0111_output.txt,1.76,-20.0,1.976,1.674,7.6
spice/generated/inverter_0112.cir,spice/outputs/inverter_0112_output.txt,1.657,21.1,1.259,1.012,17.14
spice/generated/inverter_0113.cir,spice/outputs/inverter_0113_output.txt,1.893,-22.6,1.941,1.453,16.75
spice/generated/inverter_0114.cir,spice/outputs/inverter_0114_output.txt,1.824,31.9,1.601,1.948,6.13
spice/generated/inverter_0115.cir,spice/outputs/inverter_0115_output.txt,1.885,48.8,1.225,1.153,14.89
spice/generated/inverter_0116.cir,spice/outputs/inverter_0116_output.txt,1.561,100.5,1.746,0.63,17.75
spice/generated/inverter_0117.cir,spice/outputs/inverter_0117_output.txt,1.546,36.7,1.415,1.068,1.55
spice/generated/inverter_0118.cir,spice/outputs/inverter_0118_output.txt,1.911,-10.0,0.818,1.697,7.47
spice/generated/inverter_0119.cir,spice/outputs/inverter_0119_output.txt,1.928,75.7,0.914,0.515,19.01
spice/generated/inverter_0120.cir,spice/outputs/inverter_0120_output.txt,1.451,78.8,1.233,1.637,14.12
spice/generated/inverter_0121.cir,spice/outputs/inverter_0121_output.txt,1.788,41.0,1.689,0.64,5.21
spice/generated/inverter_0122.cir,spice/outputs/inverter_0122_output.txt,1.815,10.5,1.372,1.21,11.09
spice/generated/inverter_0123.cir,spice/outputs/inverter_0123_output.txt,1.655,83.1,0.996,1.554,6.15
spice/generated/inverter_0124.cir,spice/outputs/inverter_0124_output.txt,1.551,-20.1,0.789,0.679,11.18
spice/generated/inverter_0125.cir,spice/outputs/inverter_0125_output.txt,1.857,-9.5,0.825,1.226,14.77
spice/generated/inverter_0126.cir,spice/outputs/inverter_0126_output.txt,1.986,46.6,0.924,0.651,4.69
spice/generated/inverter_0127.cir,spice/outputs/inverter_0127_output.txt,1.536,-10.4,0.521,1.301,6.21
spice/generated/inverter_0128.cir,spice/outputs/inverter_0128_output.txt,1.985,51.3,1.546,0.689,17.5
spice/generated/inverter_0129.cir,spice/outputs/inverter_0129_output.txt,1.695,104.0,1.361,1.204,9.37
spice/generated/inverter_0130.cir,spice/outputs/inverter_0130_output.txt,1.511,-31.5,1.912,1.217,16.62
spice/generated/inverter_0131.cir,spice/outputs/inverter_0131_output.txt,1.64,-27.8,1.444,0.58,3.83
spice/generated/inverter_0132.cir,spice/outputs/inverter_0132_output.txt,1.738,10.1,1.991,0.678,15.52
spice/generated/inverter_0133.cir,spice/outputs/inverter_0133_output.txt,1.764,90.5,0.839,1.284,9.56
spice/generated/inverter_0134.cir,spice/outputs/inverter_0134_output.txt,1.666,101.9,1.985,0.958,12.8
spice/generated/inverter_0135.cir,spice/outputs/inverter_0135_output.txt,1.766,82.1,1.921,0.812,5.01
spice/generated/inverter_0136.cir,spice/outputs/inverter_0136_output.txt,1.796,-14.1,0.761,0.613,1.05
spice/generated/inverter_0137.cir,spice/outputs/inverter_0137_output.txt,1.67,58.0,0.937,0.847,14.43
spice/generated/inverter_0138.cir,spice/outputs/inverter_0138_output.txt,1.822,34.9,1.531,1.886,15.97
spice/generated/inverter_0139.cir,spice/outputs/inverter_0139_output.txt,1.775,69.1,1.901,1.138,11.35
spice/generated/inverter_0140.cir,spice/outputs/inverter_0140_output.txt,1.789,109.9,1.74,0.607,4.15
spice/generated/inverter_0141.cir,spice/outputs/inverter_0141_output.txt,1.585,83.6,1.354,0.933,3.36
spice/generated/inverter_0142.cir,spice/outputs/inverter_0142_output.txt,1.813,75.5,1.914,1.251,10.38
spice/generated/inverter_0143.cir,spice/outputs/inverter_0143_output.txt,1.448,-33.4,1.148,0.983,5.76
spice/generated/inverter_0144.cir,spice/outputs/inverter_0144_output.txt,1.455,118.7,1.754,1.363,19.06
spice/generated/inverter_0145.cir,spice/outputs/inverter_0145_output.txt,2.0,70.9,0.904,0.56,15.37
spice/generated/inverter_0146.cir,spice/outputs/inverter_0146_output.txt,1.682,67.5,1.874,0.772,12.12
spice/generated/inverter_0147.cir,spice/outputs/inverter_0147_output.txt,1.781,41.1,0.637,1.022,7.33
spice/generated/inverter_0148.cir,spice/outputs/inverter_0148_output.txt,1.802,101.5,0.995,1.541,6.48
spice/generated/inverter_0149.cir,spice/outputs/inverter_0149_output.txt,1.967,94.2,1.325,1.182,6.98
spice/generated/inverter_0150.cir,spice/outputs/inverter_0150_output.txt,1.594,120.1,1.106,1.272,19.77
spice/generated/inverter_0151.cir,spice/outputs/inverter_0151_output.txt,1.795,49.5,1.12,0.781,7.87
spice/generated/inverter_0152.cir,spice/outputs/inverter_0152_output.txt,1.854,63.2,1.64,0.805,11.44
spice/generated/inverter_0153.cir,spice/outputs/inverter_0153_output.txt,1.957,32.3,1.547,0.682,19.49
spice/generated/inverter_0154.cir,spice/outputs/inverter_0154_output.txt,1.765,-0.5,0.738,1.326,11.49
spice/generated/inverter_0155.cir,spice/outputs/inverter_0155_output.txt,1.456,123.7,1.869,1.192,3.23
spice/generated/inverter_0156.cir,spice/outputs/inverter_0156_output.txt,1.899,42.2,1.575,1.263,6.2
spice/generated/inverter_0157.cir,spice/outputs/inverter_0157_output.txt,1.901,121.7,0.866,1.327,8.29
spice/generated/inverter_0158.cir,spice/outputs/inverter_0158_output.txt,1.953,43.9,1.819,1.796,6.25
spice/generated/inverter_0159.cir,spice/outputs/inverter_0159_output.txt,1.874,28.5,1.901,1.262,16.59
spice/generated/inverter_0160.cir,spice/outputs/inverter_0160_output.txt,1.57,9.3,1.38,1.998,10.3
spice/generated/inverter_0161.cir,spice/outputs/inverter_0161_output.txt,1.489,48.9,1.018,1.328,11.33
spice/generated/inverter_0162.cir,spice/outputs/inverter_0162_output.txt,1.673,13.1,0.783,1.546,11.86
spice/generated/inverter_0163.cir,spice/outputs/inverter_0163_output.txt,1.54,88.0,0.565,1.617,14.4
spice/generated/inverter_0164.cir,spice/outputs/inverter_0164_output.txt,1.887,23.7,1.496,1.731,19.64
spice/generated/inverter_0165.cir,spice/outputs/inverter_0165_output.txt,1.697,-33.9,1.253,1.385,17.52
spice/generated/inverter_0166.cir,spice/outputs/inverter_0166_output.txt,1.925,32.7,1.289,1.185,14.73
spice/generated/inverter_0167.cir,spice/outputs/inverter_0167_output.txt,1.646,68.0,0.732,1.204,19.41
spice/generated/inverter_0168.cir,spice/outputs/inverter_0168_output.txt,1.603,74.3,1.475,1.778,17.19
spice/generated/inverter_0169.cir,spice/outputs/inverter_0169_output.txt,1.916,22.7,0.975,1.578,15.43
spice/generated/inverter_0170.cir,spice/outputs/inverter_0170_output.txt,1.923,-34.1,0.603,1.447,18.5
spice/generated/inverter_0171.cir,spice/outputs/inverter_0171_output.txt,1.998,83.2,1.151,0.648,13.04
spice/generated/inverter_0172.cir,spice/outputs/inverter_0172_output.txt,1.924,33.2,1.541,1.855,1.87
spice/generated/inverter_0173.cir,spice/outputs/inverter_0173_output.txt,1.878,8.4,1.062,0.718,11.09
spice/generated/inverter_0174.cir,spice/outputs/inverter_0174_output.txt,1.74,90.8,0.755,0.618,17.55
spice/generated/inverter_0175.cir,spice/outputs/inverter_0175_output.txt,1.772,-0.3,1.869,0.715,9.76
spice/generated/inverter_0176.cir,spice/outputs/inverter_0176_output.txt,1.552,2.1,0.514,1.707,18.12
spice/generated/inverter_0177.cir,spice/outputs/inverter_0177_output.txt,1.807,-13.9,1.163,1.018,12.16
spice/generated/inverter_0178.cir,spice/outputs/inverter_0178_output.txt,1.783,30.0,0.875,1.768,4.79
spice/generated/inverter_0179.cir,spice/outputs/inverter_0179_output.txt,1.631,39.7,0.856,1.358,11.92
spice/generated/inverter_0180.cir,spice/outputs/inverter_0180_output.txt,1.996,8.7,1.967,1.487,6.22
spice/generated/inverter_0181.cir,spice/outputs/inverter_0181_output.txt,1.74,73.2,1.617,0.574,12.52
spice/generated/inverter_0182.cir,spice/outputs/inverter_0182_output.txt,1.698,109.2,0.929,1.698,12.53
spice/generated/inverter_0183.cir,spice/outputs/inverter_0183_output.txt,1.611,65.0,1.431,1.517,14.7
spice/generated/inverter_0184.cir,spice/outputs/inverter_0184_output.txt,1.796,98.3,1.442,1.855,13.28
spice/generated/inverter_0185.cir,spice/outputs/inverter_0185_output.txt,1.585,32.7,1.369,1.599,2.71
spice/generated/inverter_0186.cir,spice/outputs/inverter_0186_output.txt,1.577,83.3,0.763,0.698,11.25
spice/generated/inverter_0187.cir,spice/outputs/inverter_0187_output.txt,1.983,47.6,1.87,1.746,5.88
spice/generated/inverter_0188.cir,spice/outputs/inverter_0188_output.txt,1.895,39.5,1.71,1.62,7.44
spice/generated/inverter_0189.cir,spice/outputs/inverter_0189_output.txt,1.469,118.9,0.711,1.95,17.34
spice/generated/inverter_0190.cir,spice/outputs/inverter_0190_output.txt,1.835,121.7,1.951,1.707,7.95
spice/generated/inverter_0191.cir,spice/outputs/inverter_0191_output.txt,1.874,-37.7,1.305,1.182,13.78
spice/generated/inverter_0192.cir,spice/outputs/inverter_0192_output.txt,1.803,56.5,1.734,1.91,3.06
spice/generated/inverter_0193.cir,spice/outputs/inverter_0193_output.txt,1.54,-35.9,1.826,1.342,18.39
spice/generated/inverter_0194.cir,spice/outputs/inverter_0194_output.txt,1.533,-29.6,1.736,1.864,6.74
spice/generated/inverter_0195.cir,spice/outputs/inverter_0195_output.txt,1.645,-16.9,1.919,0.957,10.36
spice/generated/inverter_0196.cir,spice/outputs/inverter_0196_output.txt,1.458,106.4,0.703,1.18,13.74
spice/generated/inverter_0197.cir,spice/outputs/inverter_0197_output.txt,1.846,116.1,1.129,1.613,3.94
spice/generated/inverter_0198.cir,spice/outputs/inverter_0198_output.txt,1.649,-23.7,1.234,1.112,19.08
spice/generated/inverter_0199.cir,spice/outputs/inverter_0199_output.txt,1.42,21.1,1.165,1.926,17.25
spice/generated/inverter_0200.cir,spice/outputs/inverter_0200_output.txt,1.46,73.1,1.317,1.967,7.81
spice/generated/inverter_0201.cir,spice/outputs/inverter_0201_output.txt,1.639,-8.7,0.683,1.772,9.64
spice/generated/inverter_0202.cir,spice/outputs/inverter_0202_output.txt,1.798,65.9,1.396,0.532,15.95
spice/generated/inverter_0203.cir,spice/outputs/inverter_0203_output.txt,1.546,-19.2,1.347,0.603,15.54
spice/generated/inverter_0204.cir,spice/outputs/inverter_0204_output.txt,1.524,-4.4,1.805,0.993,3.8
spice/generated/inverter_0205.cir,spice/outputs/inverter_0205_output.txt,1.94,-39.5,1.788,0.717,3.47
spice/generated/inverter_0206.cir,spice/outputs/inverter_0206_output.txt,1.55,-11.2,1.492,0.539,1.28
spice/generated/inverter_0207.cir,spice/outputs/inverter_0207_output.txt,1.874,-0.7,0.986,0.761,2.0
spice/generated/inverter_0208.cir,spice/outputs/inverter_0208_output.txt,1.845,46.8,1.618,1.214,15.78
spice/generated/inverter_0209.cir,spice/outputs/inverter_0209_output.txt,1.708,-22.0,1.256,1.918,1.82
spice/generated/inverter_0210.cir,spice/outputs/inverter_0210_output.txt,1.87,103.1,1.282,1.187,19.32
spice/generated/inverter_0211.cir,spice/outputs/inverter_0211_output.txt,1.436,39.0,1.102,1.529,10.32
spice/generated/inverter_0212.cir,spice/outputs/inverter_0212_output.txt,1.946,-27.9,0.621,1.412,2.25
spice/generated/inverter_0213.cir,spice/outputs/inverter_0213_output.txt,1.565,64.5,1.323,0.988,19.9
spice/generated/inverter_0214.cir,spice/outputs/inverter_0214_output.txt,1.718,34.9,1.408,0.649,14.33
spice/generated/inverter_0215.cir,spice/outputs/inverter_0215_output.txt,1.912,67.4,1.653,1.581,5.09
spice/generated/inverter_0216.cir,spice/outputs/inverter_0216_output.txt,1.671,-2.3,1.008,1.18,8.9
spice/generated/inverter_0217.cir,spice/outputs/inverter_0217_output.txt,1.457,30.4,1.498,1.061,3.9
spice/generated/inverter_0218.cir,spice/outputs/inverter_0218_output.txt,1.954,-28.9,1.748,0.64,2.83
spice/generated/inverter_0219.cir,spice/outputs/inverter_0219_output.txt,1.843,93.9,1.335,1.38,11.67
spice/generated/inverter_0220.cir,spice/outputs/inverter_0220_output.txt,1.598,-19.8,1.03,1.498,15.26
spice/generated/inverter_0221.cir,spice/outputs/inverter_0221_output.txt,1.921,79.0,1.953,1.401,7.68
spice/generated/inverter_0222.cir,spice/outputs/inverter_0222_output.txt,1.747,-4.9,1.485,0.836,3.06
spice/generated/inverter_0223.cir,spice/outputs/inverter_0223_output.txt,1.907,20.6,1.644,1.361,16.34
spice/generated/inverter_0224.cir,spice/outputs/inverter_0224_output.txt,1.907,120.8,1.728,1.42,13.21
spice/generated/inverter_0225.cir,spice/outputs/inverter_0225_output.txt,1.416,113.3,1.744,0.901,4.43
spice/generated/inverter_0226.cir,spice/outputs/inverter_0226_output.txt,1.822,11.0,1.01,0.509,17.53
spice/generated/inverter_0227.cir,spice/outputs/inverter_0227_output.txt,1.74,26.1,0.713,1.45,1.58
spice/generated/inverter_0228.cir,spice/outputs/inverter_0228_output.txt,1.848,-4.5,1.13,1.011,8.03
spice/generated/inverter_0229.cir,spice/outputs/inverter_0229_output.txt,1.833,88.2,1.351,0.627,2.0
spice/generated/inverter_0230.cir,spice/outputs/inverter_0230_output.txt,1.494,61.9,1.511,0.908,13.58
spice/generated/inverter_0231.cir,spice/outputs/inverter_0231_output.txt,1.691,32.9,0.91,1.632,3.16
spice/generated/inverter_0232.cir,spice/outputs/inverter_0232_output.txt,1.658,6.7,1.518,1.23,13.68
spice/generated/inverter_0233.cir,spice/outputs/inverter_0233_output.txt,1.427,25.2,1.399,0.512,6.73
spice/generated/inverter_0234.cir,spice/outputs/inverter_0234_output.txt,1.527,-17.4,0.883,0.992,1.15
spice/generated/inverter_0235.cir,spice/outputs/inverter_0235_output.txt,1.848,-11.0,1.07,1.556,10.5
spice/generated/inverter_0236.cir,spice/outputs/inverter_0236_output.txt,1.9,93.0,0.608,1.793,1.8
spice/generated/inverter_0237.cir,spice/outputs/inverter_0237_output.txt,1.411,112.0,1.793,1.364,11.89
spice/generated/inverter_0238.cir,spice/outputs/inverter_0238_output.txt,1.826,28.9,0.673,0.531,7.17
spice/generated/inverter_0239.cir,spice/outputs/inverter_0239_output.txt,1.881,62.0,1.748,1.88,2.67
spice/generated/inverter_0240.cir,spice/outputs/inverter_0240_output.txt,1.907,0.1,1.383,1.286,8.52
spice/generated/inverter_0241.cir,spice/outputs/inverter_0241_output.txt,1.586,16.0,1.0,0.752,10.7
spice/generated/inverter_0242.cir,spice/outputs/inverter_0242_output.txt,1.468,44.1,1.859,1.024,14.82
spice/generated/inverter_0243.cir,spice/outputs/inverter_0243_output.txt,1.891,94.5,0.854,0.72,4.75
spice/generated/inverter_0244.cir,spice/outputs/inverter_0244_output.txt,1.761,85.4,1.483,0.766,15.68
spice/generated/inverter_0245.cir,spice/outputs/inverter_0245_output.txt,1.696,84.5,1.64,1.173,18.56
spice/generated/inverter_0246.cir,spice/outputs/inverter_0246_output.txt,1.739,64.8,1.437,1.796,12.92
spice/generated/inverter_0247.cir,spice/outputs/inverter_0247_output.txt,1.491,-28.7,1.163,0.954,6.22
spice/generated/inverter_0248.cir,spice/outputs/inverter_0248_output.txt,1.434,43.7,0.966,1.178,2.08
spice/generated/inverter_0249.cir,spice/outputs/inverter_0249_output.txt,1.899,-27.3,1.796,1.783,12.69
spice/generated/inverter_0250.cir,spice/outputs/inverter_0250_output.txt,1.704,36.3,1.331,1.688,18.02
spice/generated/inverter_0251.cir,spice/outputs/inverter_0251_output.txt,1.67,93.6,1.478,0.982,10.04
spice/generated/inverter_0252.cir,spice/outputs/inverter_0252_output.txt,1.491,-29.8,0.655,1.849,7.53
spice/generated/inverter_0253.cir,spice/outputs/inverter_0253_output.txt,1.829,43.3,0.759,0.872,9.32
spice/generated/inverter_0254.cir,spice/outputs/inverter_0254_output.txt,1.664,46.3,0.738,1.059,6.37
spice/generated/inverter_0255.cir,spice/outputs/inverter_0255_output.txt,1.645,15.8,1.397,1.684,13.3
spice/generated/inverter_0256.cir,spice/outputs/inverter_0256_output.txt,1.44,-24.4,1.518,0.926,14.75
spice/generated/inverter_0257.cir,spice/outputs/inverter_0257_output.txt,1.794,109.5,1.81,1.0,12.07
spice/generated/inverter_0258.cir,spice/outputs/inverter_0258_output.txt,1.485,17.7,1.952,1.548,8.45
spice/generated/inverter_0259.cir,spice/outputs/inverter_0259_output.txt,1.757,114.8,0.964,1.065,16.04
spice/generated/inverter_0260.cir,spice/outputs/inverter_0260_output.txt,1.888,70.6,1.743,1.608,14.02
spice/generated/inverter_0261.cir,spice/outputs/inverter_0261_output.txt,1.716,66.6,1.135,1.043,7.89
spice/generated/inverter_0262.cir,spice/outputs/inverter_0262_output.txt,1.508,-4.7,1.922,1.229,5.3
spice/generated/inverter_0263.cir,spice/outputs/inverter_0263_output.txt,1.483,-27.3,1.767,0.652,15.65
spice/generated/inverter_0264.cir,spice/outputs/inverter_0264_output.txt,1.901,105.8,0.557,1.005,15.56
spice/generated/inverter_0265.cir,spice/outputs/inverter_0265_output.txt,1.479,22.2,0.743,1.747,15.65
spice/generated/inverter_0266.cir,spice/outputs/inverter_0266_output.txt,1.885,-12.7,1.157,1.116,13.85
spice/generated/inverter_0267.cir,spice/outputs/inverter_0267_output.txt,1.543,33.3,0.927,1.623,9.53
spice/generated/inverter_0268.cir,spice/outputs/inverter_0268_output.txt,1.72,11.1,1.713,1.204,16.87
spice/generated/inverter_0269.cir,spice/outputs/inverter_0269_output.txt,1.621,116.3,1.977,1.193,6.35
spice/generated/inverter_0270.cir,spice/outputs/inverter_0270_output.txt,1.629,47.0,1.949,1.725,16.22
spice/generated/inverter_0271.cir,spice/outputs/inverter_0271_output.txt,1.483,1.3,1.462,1.811,11.54
spice/generated/inverter_0272.cir,spice/outputs/inverter_0272_output.txt,1.462,99.6,1.777,0.928,15.5
spice/generated/inverter_0273.cir,spice/outputs/inverter_0273_output.txt,1.564,109.4,0.721,1.156,18.98
spice/generated/inverter_0274.cir,spice/outputs/inverter_0274_output.txt,1.533,34.4,1.024,0.54,2.01
spice/generated/inverter_0275.cir,spice/outputs/inverter_0275_output.txt,1.701,-1.1,1.992,1.062,1.54
spice/generated/inverter_0276.cir,spice/outputs/inverter_0276_output.txt,1.958,98.5,1.475,1.687,3.61
spice/generated/inverter_0277.cir,spice/outputs/inverter_0277_output.txt,1.572,96.9,1.544,0.708,14.41
spice/generated/inverter_0278.cir,spice/outputs/inverter_0278_output.txt,1.669,-39.1,0.619,0.884,16.86
spice/generated/inverter_0279.cir,spice/outputs/inverter_0279_output.txt,1.729,80.0,1.292,0.667,6.47
spice/generated/inverter_0280.cir,spice/outputs/inverter_0280_output.txt,1.581,-32.1,1.13,1.691,9.69
spice/generated/inverter_0281.cir,spice/outputs/inverter_0281_output.txt,1.467,109.3,1.395,0.525,10.79
spice/generated/inverter_0282.cir,spice/outputs/inverter_0282_output.txt,1.545,-16.3,1.144,1.422,5.57
spice/generated/inverter_0283.cir,spice/outputs/inverter_0283_output.txt,1.65,69.6,0.628,1.962,2.29
spice/generated/inverter_0284.cir,spice/outputs/inverter_0284_output.txt,1.716,43.7,1.982,1.331,8.42
spice/generated/inverter_0285.cir,spice/outputs/inverter_0285_output.txt,1.682,64.9,1.972,0.88,1.31
spice/generated/inverter_0286.cir,spice/outputs/inverter_0286_output.txt,1.873,16.9,1.599,1.442,15.66
spice/generated/inverter_0287.cir,spice/outputs/inverter_0287_output.txt,1.841,14.9,0.567,1.319,16.46
spice/generated/inverter_0288.cir,spice/outputs/inverter_0288_output.txt,1.505,88.6,1.197,1.543,13.0
spice/generated/inverter_0289.cir,spice/outputs/inverter_0289_output.txt,1.887,-29.6,1.664,1.187,6.58
spice/generated/inverter_0290.cir,spice/outputs/inverter_0290_output.txt,1.426,-7.1,0.563,1.9,10.79
spice/generated/inverter_0291.cir,spice/outputs/inverter_0291_output.txt,1.993,49.6,0.88,1.63,4.63
spice/generated/inverter_0292.cir,spice/outputs/inverter_0292_output.txt,1.614,88.8,1.799,0.998,3.37
spice/generated/inverter_0293.cir,spice/outputs/inverter_0293_output.txt,1.621,106.8,1.615,1.842,8.35
spice/generated/inverter_0294.cir,spice/outputs/inverter_0294_output.txt,1.984,41.9,1.246,1.886,10.87
spice/generated/inverter_0295.cir,spice/outputs/inverter_0295_output.txt,1.881,80.0,0.618,1.404,16.62
spice/generated/inverter_0296.cir,spice/outputs/inverter_0296_output.txt,1.727,13.0,0.62,1.491,6.82
spice/generated/inverter_0297.cir,spice/outputs/inverter_0297_output.txt,1.762,30.3,1.535,1.027,1.8
spice/generated/inverter_0298.cir,spice/outputs/inverter_0298_output.txt,1.922,18.2,1.997,0.912,19.62
spice/generated/inverter_0299.cir,spice/outputs/inverter_0299_output.txt,1.969,-27.6,1.456,1.045,16.22
spice/generated/inverter_0300.cir,spice/outputs/inverter_0300_output.txt,1.808,117.2,0.714,1.411,15.84
spice/generated/inverter_0301.cir,spice/outputs/inverter_0301_output.txt,1.421,-28.9,1.668,1.049,8.27
spice/generated/inverter_0302.cir,spice/outputs/inverter_0302_output.txt,1.74,59.8,1.519,1.923,8.07
spice/generated/inverter_0303.cir,spice/outputs/inverter_0303_output.txt,1.858,54.7,1.294,1.097,13.34
spice/generated/inverter_0304.cir,spice/outputs/inverter_0304_output.txt,1.55,-21.3,1.604,1.249,8.35
spice/generated/inverter_0305.cir,spice/outputs/inverter_0305_output.txt,1.737,3.2,0.89,1.169,19.93
spice/generated/inverter_0306.cir,spice/outputs/inverter_0306_output.txt,1.571,111.2,1.237,0.684,17.2
spice/generated/inverter_0307.cir,spice/outputs/inverter_0307_output.txt,1.671,108.3,1.168,0.632,13.96
spice/generated/inverter_0308.cir,spice/outputs/inverter_0308_output.txt,1.907,12.7,1.021,0.597,11.3
spice/generated/inverter_0309.cir,spice/outputs/inverter_0309_output.txt,1.935,100.5,1.568,1.891,13.12
spice/generated/inverter_0310.cir,spice/outputs/inverter_0310_output.txt,1.876,43.9,0.682,0.801,3.64
spice/generated/inverter_0311.cir,spice/outputs/inverter_0311_output.txt,1.874,-35.7,1.331,1.053,16.27
spice/generated/inverter_0312.cir,spice/outputs/inverter_0312_output.txt,1.731,61.0,0.629,0.964,19.99
spice/generated/inverter_0313.cir,spice/outputs/inverter_0313_output.txt,1.831,46.7,1.654,1.735,2.4
spice/generated/inverter_0314.cir,spice/outputs/inverter_0314_output.txt,1.983,66.0,1.175,1.52,7.55
spice/generated/inverter_0315.cir,spice/outputs/inverter_0315_output.txt,1.927,88.7,1.46,0.773,19.36
spice/generated/inverter_0316.cir,spice/outputs/inverter_0316_output.txt,1.66,110.3,0.583,0.686,3.91
spice/generated/inverter_0317.cir,spice/outputs/inverter_0317_output.txt,1.499,13.2,1.564,1.019,18.88
spice/generated/inverter_0318.cir,spice/outputs/inverter_0318_output.txt,1.937,99.6,0.876,1.453,11.47
spice/generated/inverter_0319.cir,spice/outputs/inverter_0319_output.txt,1.475,10.0,1.3,1.254,4.2
spice/generated/inverter_0320.cir,spice/outputs/inverter_0320_output.txt,1.965,-14.6,1.488,1.581,12.5
spice/generated/inverter_0321.cir,spice/outputs/inverter_0321_output.txt,1.906,53.0,1.738,0.543,1.86
spice/generated/inverter_0322.cir,spice/outputs/inverter_0322_output.txt,1.785,55.2,1.477,1.65,8.92
spice/generated/inverter_0323.cir,spice/outputs/inverter_0323_output.txt,1.783,42.2,1.441,0.935,19.18
spice/generated/inverter_0324.cir,spice/outputs/inverter_0324_output.txt,1.69,92.8,1.527,0.946,2.39
spice/generated/inverter_0325.cir,spice/outputs/inverter_0325_output.txt,1.436,32.5,1.226,0.806,12.53
spice/generated/inverter_0326.cir,spice/outputs/inverter_0326_output.txt,1.588,78.5,1.601,1.791,19.53
spice/generated/inverter_0327.cir,spice/outputs/inverter_0327_output.txt,1.478,21.1,1.342,0.979,9.86
spice/generated/inverter_0328.cir,spice/outputs/inverter_0328_output.txt,1.56,0.9,0.645,0.935,8.3
spice/generated/inverter_0329.cir,spice/outputs/inverter_0329_output.txt,1.769,1.0,1.798,0.74,7.22
spice/generated/inverter_0330.cir,spice/outputs/inverter_0330_output.txt,1.747,11.6,1.645,1.247,10.78
spice/generated/inverter_0331.cir,spice/outputs/inverter_0331_output.txt,1.699,10.9,0.535,1.918,10.6
spice/generated/inverter_0332.cir,spice/outputs/inverter_0332_output.txt,1.98,-4.5,1.029,0.576,10.4
spice/generated/inverter_0333.cir,spice/outputs/inverter_0333_output.txt,1.929,68.0,1.206,1.305,17.1
spice/generated/inverter_0334.cir,spice/outputs/inverter_0334_output.txt,1.659,105.6,1.591,1.646,7.95
spice/generated/inverter_0335.cir,spice/outputs/inverter_0335_output.txt,1.64,54.1,0.792,1.33,2.4
spice/generated/inverter_0336.cir,spice/outputs/inverter_0336_output.txt,1.703,86.1,0.92,1.984,13.93
spice/generated/inverter_0337.cir,spice/outputs/inverter_0337_output.txt,1.471,120.9,1.091,1.692,7.44
spice/generated/inverter_0338.cir,spice/outputs/inverter_0338_output.txt,1.963,84.6,0.799,1.264,10.5
spice/generated/inverter_0339.cir,spice/outputs/inverter_0339_output.txt,1.427,-17.4,1.0,1.211,9.68
spice/generated/inverter_0340.cir,spice/outputs/inverter_0340_output.txt,1.764,45.1,0.992,1.42,4.09
spice/generated/inverter_0341.cir,spice/outputs/inverter_0341_output.txt,1.994,82.0,0.949,1.005,16.74
spice/generated/inverter_0342.cir,spice/outputs/inverter_0342_output.txt,1.719,76.9,0.95,1.724,8.0
spice/generated/inverter_0343.cir,spice/outputs/inverter_0343_output.txt,1.804,121.7,1.376,1.695,14.78
spice/generated/inverter_0344.cir,spice/outputs/inverter_0344_output.txt,1.813,-35.6,1.212,1.951,15.88
spice/generated/inverter_0345.cir,spice/outputs/inverter_0345_output.txt,1.866,55.3,1.582,1.375,4.24
spice/generated/inverter_0346.cir,spice/outputs/inverter_0346_output.txt,1.777,62.3,1.762,0.722,13.93
spice/generated/inverter_0347.cir,spice/outputs/inverter_0347_output.txt,1.419,116.5,0.665,0.528,6.96
spice/generated/inverter_0348.cir,spice/outputs/inverter_0348_output.txt,1.491,73.9,1.116,1.662,18.49
spice/generated/inverter_0349.cir,spice/outputs/inverter_0349_output.txt,1.924,81.4,0.593,0.707,4.94
spice/generated/inverter_0350.cir,spice/outputs/inverter_0350_output.txt,1.595,69.3,1.288,0.971,4.29
spice/generated/inverter_0351.cir,spice/outputs/inverter_0351_output.txt,1.947,16.5,1.031,1.658,14.7
spice/generated/inverter_0352.cir,spice/outputs/inverter_0352_output.txt,1.786,74.4,1.415,0.788,5.68
spice/generated/inverter_0353.cir,spice/outputs/inverter_0353_output.txt,1.735,-2.9,1.959,0.946,6.49
spice/generated/inverter_0354.cir,spice/outputs/inverter_0354_output.txt,1.524,76.3,0.976,1.023,18.74
spice/generated/inverter_0355.cir,spice/outputs/inverter_0355_output.txt,1.877,5.1,0.683,1.515,8.21
spice/generated/inverter_0356.cir,spice/outputs/inverter_0356_output.txt,1.988,95.0,1.932,1.707,6.52
spice/generated/inverter_0357.cir,spice/outputs/inverter_0357_output.txt,1.573,77.8,1.02,1.164,5.87
spice/generated/inverter_0358.cir,spice/outputs/inverter_0358_output.txt,1.687,-6.7,1.308,1.9,14.23
spice/generated/inverter_0359.cir,spice/outputs/inverter_0359_output.txt,1.482,61.6,1.38,0.864,13.73
spice/generated/inverter_0360.cir,spice/outputs/inverter_0360_output.txt,1.719,65.3,0.579,1.12,14.63
spice/generated/inverter_0361.cir,spice/outputs/inverter_0361_output.txt,1.46,87.2,0.508,1.326,18.65
spice/generated/inverter_0362.cir,spice/outputs/inverter_0362_output.txt,1.644,114.3,1.818,1.216,4.79
spice/generated/inverter_0363.cir,spice/outputs/inverter_0363_output.txt,1.978,13.0,1.469,1.862,2.7
spice/generated/inverter_0364.cir,spice/outputs/inverter_0364_output.txt,1.744,48.3,1.585,1.905,18.35
spice/generated/inverter_0365.cir,spice/outputs/inverter_0365_output.txt,1.505,105.6,0.764,1.879,19.95
spice/generated/inverter_0366.cir,spice/outputs/inverter_0366_output.txt,1.638,41.7,1.905,1.943,18.59
spice/generated/inverter_0367.cir,spice/outputs/inverter_0367_output.txt,1.926,-38.5,1.352,0.661,19.68
spice/generated/inverter_0368.cir,spice/outputs/inverter_0368_output.txt,1.571,123.2,1.315,1.241,18.83
spice/generated/inverter_0369.cir,spice/outputs/inverter_0369_output.txt,1.911,37.2,0.789,0.669,4.09
spice/generated/inverter_0370.cir,spice/outputs/inverter_0370_output.txt,1.675,2.4,0.779,1.605,16.02
spice/generated/inverter_0371.cir,spice/outputs/inverter_0371_output.txt,1.741,85.0,0.763,1.784,18.04
spice/generated/inverter_0372.cir,spice/outputs/inverter_0372_output.txt,1.896,45.0,0.63,1.504,4.51
spice/generated/inverter_0373.cir,spice/outputs/inverter_0373_output.txt,1.484,13.4,0.872,0.891,5.47
spice/generated/inverter_0374.cir,spice/outputs/inverter_0374_output.txt,1.852,117.4,0.953,1.584,1.22
spice/generated/inverter_0375.cir,spice/outputs/inverter_0375_output.txt,1.792,74.3,0.593,0.677,6.83
spice/generated/inverter_0376.cir,spice/outputs/inverter_0376_output.txt,1.643,42.9,1.843,1.555,6.91
spice/generated/inverter_0377.cir,spice/outputs/inverter_0377_output.txt,1.47,111.2,0.943,1.422,5.16
spice/generated/inverter_0378.cir,spice/outputs/inverter_0378_output.txt,1.48,-14.7,1.622,1.409,8.9
spice/generated/inverter_0379.cir,spice/outputs/inverter_0379_output.txt,1.73,37.7,1.306,1.496,5.15
spice/generated/inverter_0380.cir,spice/outputs/inverter_0380_output.txt,1.548,84.5,1.81,0.623,9.49
spice/generated/inverter_0381.cir,spice/outputs/inverter_0381_output.txt,1.822,-27.1,1.346,0.593,11.41
spice/generated/inverter_0382.cir,spice/outputs/inverter_0382_output.txt,1.703,54.5,0.725,0.992,10.89
spice/generated/inverter_0383.cir,spice/outputs/inverter_0383_output.txt,1.47,-6.1,1.375,0.636,10.7
spice/generated/inverter_0384.cir,spice/outputs/inverter_0384_output.txt,1.885,34.8,1.27,1.185,2.1
spice/generated/inverter_0385.cir,spice/outputs/inverter_0385_output.txt,1.677,93.1,1.585,1.094,16.51
spice/generated/inverter_0386.cir,spice/outputs/inverter_0386_output.txt,1.847,55.4,0.568,1.017,2.21
spice/generated/inverter_0387.cir,spice/outputs/inverter_0387_output.txt,1.996,114.2,0.604,1.901,1.6
spice/generated/inverter_0388.cir,spice/outputs/inverter_0388_output.txt,1.645,86.9,1.649,1.967,13.27
spice/generated/inverter_0389.cir,spice/outputs/inverter_0389_output.txt,1.652,123.8,1.074,1.804,18.23
spice/generated/inverter_0390.cir,spice/outputs/inverter_0390_output.txt,1.625,72.7,1.493,1.309,13.42
spice/generated/inverter_0391.cir,spice/outputs/inverter_0391_output.txt,1.609,-10.6,1.306,1.293,14.83
spice/generated/inverter_0392.cir,spice/outputs/inverter_0392_output.txt,1.534,-39.4,0.534,0.948,13.8
spice/generated/inverter_0393.cir,spice/outputs/inverter_0393_output.txt,1.727,47.8,1.735,0.871,7.58
spice/generated/inverter_0394.cir,spice/outputs/inverter_0394_output.txt,1.565,114.7,1.588,0.669,16.38
spice/generated/inverter_0395.cir,spice/outputs/inverter_0395_output.txt,1.652,86.4,1.826,0.523,4.92
spice/generated/inverter_0396.cir,spice/outputs/inverter_0396_output.txt,1.461,-34.5,1.397,1.555,1.92
spice/generated/inverter_0397.cir,spice/outputs/inverter_0397_output.txt,1.844,26.4,0.852,0.826,17.41
spice/generated/inverter_0398.cir,spice/outputs/inverter_0398_output.txt,1.434,43.1,0.934,1.724,14.9
spice/generated/inverter_0399.cir,spice/outputs/inverter_0399_output.txt,1.591,58.7,1.509,0.981,6.73
spice/generated/inverter_0400.cir,spice/outputs/inverter_0400_output.txt,1.486,68.9,0.832,0.951,2.16
spice/generated/inverter_0401.cir,spice/outputs/inverter_0401_output.txt,1.969,105.2,1.867,1.439,9.12
spice/generated/inverter_0402.cir,spice/outputs/inverter_0402_output.txt,1.697,120.4,1.912,1.507,15.93
spice/generated/inverter_0403.cir,spice/outputs/inverter_0403_output.txt,1.591,28.7,0.724,1.065,15.33
spice/generated/inverter_0404.cir,spice/outputs/inverter_0404_output.txt,1.684,100.1,0.951,1.561,16.31
spice/generated/inverter_0405.cir,spice/outputs/inverter_0405_output.txt,1.949,52.8,1.952,1.336,3.55
spice/generated/inverter_0406.cir,spice/outputs/inverter_0406_output.txt,1.546,-6.4,1.47,1.883,17.1
spice/generated/inverter_0407.cir,spice/outputs/inverter_0407_output.txt,1.455,79.6,0.786,0.903,13.8
spice/generated/inverter_0408.cir,spice/outputs/inverter_0408_output.txt,1.762,104.1,0.782,1.643,14.76
spice/generated/inverter_0409.cir,spice/outputs/inverter_0409_output.txt,1.735,39.1,1.804,0.999,19.18
spice/generated/inverter_0410.cir,spice/outputs/inverter_0410_output.txt,1.409,114.6,1.943,0.676,19.99
spice/generated/inverter_0411.cir,spice/outputs/inverter_0411_output.txt,1.687,0.0,1.407,0.807,18.39
spice/generated/inverter_0412.cir,spice/outputs/inverter_0412_output.txt,1.731,88.0,1.071,1.3,7.83
spice/generated/inverter_0413.cir,spice/outputs/inverter_0413_output.txt,1.557,44.6,1.246,0.648,19.65
spice/generated/inverter_0414.cir,spice/outputs/inverter_0414_output.txt,1.682,98.6,1.871,1.056,8.86
spice/generated/inverter_0415.cir,spice/outputs/inverter_0415_output.txt,1.738,-3.5,0.719,0.891,18.76
spice/generated/inverter_0416.cir,spice/outputs/inverter_0416_output.txt,1.747,28.9,0.729,0.995,8.22
spice/generated/inverter_0417.cir,spice/outputs/inverter_0417_output.txt,1.9,42.4,1.482,1.527,5.89
spice/generated/inverter_0418.cir,spice/outputs/inverter_0418_output.txt,1.893,119.5,1.463,1.236,4.2
spice/generated/inverter_0419.cir,spice/outputs/inverter_0419_output.txt,1.877,-12.1,1.58,1.232,18.42
spice/generated/inverter_0420.cir,spice/outputs/inverter_0420_output.txt,1.725,65.9,0.588,0.551,17.09
spice/generated/inverter_0421.cir,spice/outputs/inverter_0421_output.txt,1.967,70.3,1.647,1.119,17.01
spice/generated/inverter_0422.cir,spice/outputs/inverter_0422_output.txt,1.539,76.7,0.514,1.259,8.09
spice/generated/inverter_0423.cir,spice/outputs/inverter_0423_output.txt,1.771,70.0,1.425,1.225,10.27
spice/generated/inverter_0424.cir,spice/outputs/inverter_0424_output.txt,1.404,51.0,0.518,1.294,6.22
spice/generated/inverter_0425.cir,spice/outputs/inverter_0425_output.txt,1.986,-37.2,1.72,1.511,16.32
spice/generated/inverter_0426.cir,spice/outputs/inverter_0426_output.txt,1.946,-22.3,0.644,0.723,4.65
spice/generated/inverter_0427.cir,spice/outputs/inverter_0427_output.txt,1.716,94.5,0.901,1.095,8.09
spice/generated/inverter_0428.cir,spice/outputs/inverter_0428_output.txt,1.644,53.2,1.985,0.839,14.0
spice/generated/inverter_0429.cir,spice/outputs/inverter_0429_output.txt,1.909,67.9,1.787,1.639,2.78
spice/generated/inverter_0430.cir,spice/outputs/inverter_0430_output.txt,1.628,51.2,0.584,0.514,4.26
spice/generated/inverter_0431.cir,spice/outputs/inverter_0431_output.txt,1.7,31.6,1.677,1.349,17.3
spice/generated/inverter_0432.cir,spice/outputs/inverter_0432_output.txt,1.457,47.1,0.564,0.817,17.49
spice/generated/inverter_0433.cir,spice/outputs/inverter_0433_output.txt,1.933,38.5,0.57,0.612,18.59
spice/generated/inverter_0434.cir,spice/outputs/inverter_0434_output.txt,1.94,53.0,0.549,1.893,6.98
spice/generated/inverter_0435.cir,spice/outputs/inverter_0435_output.txt,1.977,56.9,1.628,1.569,8.57
spice/generated/inverter_0436.cir,spice/outputs/inverter_0436_output.txt,1.446,-13.2,0.861,1.752,8.39
spice/generated/inverter_0437.cir,spice/outputs/inverter_0437_output.txt,1.938,14.7,1.633,0.71,19.78
spice/generated/inverter_0438.cir,spice/outputs/inverter_0438_output.txt,1.834,42.6,1.961,0.581,9.3
spice/generated/inverter_0439.cir,spice/outputs/inverter_0439_output.txt,1.903,16.2,1.654,1.932,8.54
spice/generated/inverter_0440.cir,spice/outputs/inverter_0440_output.txt,1.864,-35.1,0.91,1.989,10.32
spice/generated/inverter_0441.cir,spice/outputs/inverter_0441_output.txt,1.613,115.3,1.148,1.52,13.55
spice/generated/inverter_0442.cir,spice/outputs/inverter_0442_output.txt,1.451,62.1,1.697,1.57,2.56
spice/generated/inverter_0443.cir,spice/outputs/inverter_0443_output.txt,1.493,77.4,1.451,1.609,7.02
spice/generated/inverter_0444.cir,spice/outputs/inverter_0444_output.txt,1.464,-39.1,0.962,1.04,6.13
spice/generated/inverter_0445.cir,spice/outputs/inverter_0445_output.txt,1.48,-9.1,1.173,1.332,8.75
spice/generated/inverter_0446.cir,spice/outputs/inverter_0446_output.txt,1.416,18.4,0.64,1.397,7.16
spice/generated/inverter_0447.cir,spice/outputs/inverter_0447_output.txt,1.631,8.2,1.082,0.627,18.12
spice/generated/inverter_0448.cir,spice/outputs/inverter_0448_output.txt,1.943,121.4,1.358,0.754,8.23
spice/generated/inverter_0449.cir,spice/outputs/inverter_0449_output.txt,1.483,9.7,1.24,0.595,9.26
spice/generated/inverter_0450.cir,spice/outputs/inverter_0450_output.txt,1.653,39.9,0.615,0.878,5.69
spice/generated/inverter_0451.cir,spice/outputs/inverter_0451_output.txt,1.775,58.0,0.793,0.66,6.79
spice/generated/inverter_0452.cir,spice/outputs/inverter_0452_output.txt,1.969,14.8,1.43,1.706,7.26
spice/generated/inverter_0453.cir,spice/outputs/inverter_0453_output.txt,1.601,94.6,1.789,1.961,3.59
spice/generated/inverter_0454.cir,spice/outputs/inverter_0454_output.txt,1.592,116.3,0.801,0.971,19.33
spice/generated/inverter_0455.cir,spice/outputs/inverter_0455_output.txt,1.981,8.1,1.542,1.237,11.94
spice/generated/inverter_0456.cir,spice/outputs/inverter_0456_output.txt,1.545,22.0,1.725,1.089,3.16
spice/generated/inverter_0457.cir,spice/outputs/inverter_0457_output.txt,1.738,57.7,1.318,1.523,11.45
spice/generated/inverter_0458.cir,spice/outputs/inverter_0458_output.txt,1.972,36.2,1.563,1.158,6.54
spice/generated/inverter_0459.cir,spice/outputs/inverter_0459_output.txt,1.816,95.1,1.693,1.114,10.49
spice/generated/inverter_0460.cir,spice/outputs/inverter_0460_output.txt,1.78,-0.1,1.488,1.573,15.99
spice/generated/inverter_0461.cir,spice/outputs/inverter_0461_output.txt,1.444,123.5,1.219,1.101,10.63
spice/generated/inverter_0462.cir,spice/outputs/inverter_0462_output.txt,1.952,74.1,1.315,1.686,7.83
spice/generated/inverter_0463.cir,spice/outputs/inverter_0463_output.txt,1.937,48.6,1.457,0.627,15.61
spice/generated/inverter_0464.cir,spice/outputs/inverter_0464_output.txt,1.795,18.6,1.47,0.566,19.69
spice/generated/inverter_0465.cir,spice/outputs/inverter_0465_output.txt,1.806,25.9,1.629,1.949,9.18
spice/generated/inverter_0466.cir,spice/outputs/inverter_0466_output.txt,1.406,2.7,1.266,1.278,12.03
spice/generated/inverter_0467.cir,spice/outputs/inverter_0467_output.txt,1.745,33.6,1.087,1.659,12.18
spice/generated/inverter_0468.cir,spice/outputs/inverter_0468_output.txt,1.7,16.9,0.537,0.657,8.9
spice/generated/inverter_0469.cir,spice/outputs/inverter_0469_output.txt,1.977,-20.8,1.911,0.713,6.93
spice/generated/inverter_0470.cir,spice/outputs/inverter_0470_output.txt,1.673,-5.9,1.224,1.214,9.33
spice/generated/inverter_0471.cir,spice/outputs/inverter_0471_output.txt,1.818,12.6,0.95,1.715,3.19
spice/generated/inverter_0472.cir,spice/outputs/inverter_0472_output.txt,1.91,66.9,1.516,0.747,19.69
spice/generated/inverter_0473.cir,spice/outputs/inverter_0473_output.txt,1.546,-11.2,0.74,1.34,19.21
spice/generated/inverter_0474.cir,spice/outputs/inverter_0474_output.txt,1.539,26.8,0.777,1.461,9.21
spice/generated/inverter_0475.cir,spice/outputs/inverter_0475_output.txt,1.418,61.3,0.796,1.388,8.39
spice/generated/inverter_0476.cir,spice/outputs/inverter_0476_output.txt,1.823,-6.0,1.628,1.713,2.19
spice/generated/inverter_0477.cir,spice/outputs/inverter_0477_output.txt,1.461,103.9,0.78,0.989,9.69
spice/generated/inverter_0478.cir,spice/outputs/inverter_0478_output.txt,1.557,102.3,1.292,1.459,12.34
spice/generated/inverter_0479.cir,spice/outputs/inverter_0479_output.txt,1.767,56.9,1.022,1.768,12.73
spice/generated/inverter_0480.cir,spice/outputs/inverter_0480_output.txt,1.888,76.5,0.946,1.422,2.61
spice/generated/inverter_0481.cir,spice/outputs/inverter_0481_output.txt,1.48,-20.6,0.958,0.775,14.18
spice/generated/inverter_0482.cir,spice/outputs/inverter_0482_output.txt,1.706,29.0,0.707,1.076,4.53
spice/generated/inverter_0483.cir,spice/outputs/inverter_0483_output.txt,1.781,74.4,1.468,2.0,11.54
spice/generated/inverter_0484.cir,spice/outputs/inverter_0484_output.txt,1.694,-16.9,0.972,1.177,2.02
spice/generated/inverter_0485.cir,spice/outputs/inverter_0485_output.txt,1.615,-38.4,0.705,1.723,19.31
spice/generated/inverter_0486.cir,spice/outputs/inverter_0486_output.txt,1.703,41.7,1.527,1.123,16.96
spice/generated/inverter_0487.cir,spice/outputs/inverter_0487_output.txt,1.693,-26.4,0.546,1.642,6.55
spice/generated/inverter_0488.cir,spice/outputs/inverter_0488_output.txt,1.565,48.7,0.752,1.186,15.11
spice/generated/inverter_0489.cir,spice/outputs/inverter_0489_output.txt,1.86,50.7,0.67,0.671,15.73
spice/generated/inverter_0490.cir,spice/outputs/inverter_0490_output.txt,1.894,20.5,1.734,0.562,14.66
spice/generated/inverter_0491.cir,spice/outputs/inverter_0491_output.txt,1.728,123.3,0.654,1.745,15.28
spice/generated/inverter_0492.cir,spice/outputs/inverter_0492_output.txt,1.579,124.9,1.175,1.023,16.52
spice/generated/inverter_0493.cir,spice/outputs/inverter_0493_output.txt,1.663,124.0,1.663,0.855,16.4
spice/generated/inverter_0494.cir,spice/outputs/inverter_0494_output.txt,1.753,17.9,1.566,1.449,4.15
spice/generated/inverter_0495.cir,spice/outputs/inverter_0495_output.txt,1.484,-5.9,0.81,0.589,7.67
spice/generated/inverter_0496.cir,spice/outputs/inverter_0496_output.txt,1.569,48.9,0.985,1.556,6.5
spice/generated/inverter_0497.cir,spice/outputs/inverter_0497_output.txt,1.56,101.6,1.978,1.519,2.81
spice/generated/inverter_0498.cir,spice/outputs/inverter_0498_output.txt,1.978,89.6,1.878,1.989,17.47
spice/generated/inverter_0499.cir,spice/outputs/inverter_0499_output.txt,1.476,102.9,0.875,1.567,16.74
