deck_file,output_file,vdd,temp,width_inv,width_p1,width_p2,width_p3,width_p4,width_n1,width_n2,width_n3,width_n4,cload,switching_input,static_input,static_state
spice/generated/xor2_0000.cir,spice/outputs/xor2_0000_output.txt,1.784,-35.9,0.775,0.835,1.605,1.515,1.838,0.63,1.133,0.545,0.828,10.6,a,b,0
spice/generated/xor2_0001.cir,spice/outputs/xor2_0001_output.txt,1.83,75.7,0.92,1.174,0.917,1.804,1.638,0.739,1.134,0.917,0.823,15.51,a,b,0
spice/generated/xor2_0002.cir,spice/outputs/xor2_0002_output.txt,1.628,19.2,0.844,0.897,0.565,1.189,0.687,1.883,0.618,0.94,1.443,17.82,b,a,0
spice/generated/xor2_0003.cir,spice/outputs/xor2_0003_output.txt,1.823,-32.4,0.728,0.934,0.62,0.849,0.652,0.917,1.454,1.047,1.055,4.98,b,a,0
spice/generated/xor2_0004.cir,spice/outputs/xor2_0004_output.txt,1.765,-11.8,1.229,0.745,1.069,1.984,1.46,1.335,1.527,1.764,1.664,5.35,a,b,1
spice/generated/xor2_0005.cir,spice/outputs/xor2_0005_output.txt,1.641,-29.1,1.413,1.351,1.577,0.819,1.249,1.827,1.464,0.714,0.709,15.15,b,a,1
spice/generated/xor2_0006.cir,spice/outputs/xor2_0006_output.txt,1.939,25.9,0.719,1.996,1.264,0.636,0.571,0.664,1.441,1.688,1.133,2.21,b,a,1
spice/generated/xor2_0007.cir,spice/outputs/xor2_0007_output.txt,1.717,120.2,1.361,0.517,1.581,1.523,1.305,0.9,1.461,0.667,1.152,9.62,b,a,0
spice/generated/xor2_0008.cir,spice/outputs/xor2_0008_output.txt,1.705,-22.4,1.125,1.763,1.261,0.798,1.061,0.742,1.93,1.884,1.878,12.38,b,a,0
spice/generated/xor2_0009.cir,spice/outputs/xor2_0009_output.txt,1.467,19.9,1.485,1.71,0.859,0.861,1.351,0.618,1.598,1.724,1.967,11.12,a,b,0
spice/generated/xor2_0010.cir,spice/outputs/xor2_0010_output.txt,1.796,116.2,0.665,1.292,1.41,1.947,1.893,1.633,1.535,1.569,1.098,13.76,b,a,1
spice/generated/xor2_0011.cir,spice/outputs/xor2_0011_output.txt,1.94,34.5,0.748,0.596,0.532,1.331,1.383,0.511,1.562,0.588,0.601,1.6,b,a,0
spice/generated/xor2_0012.cir,spice/outputs/xor2_0012_output.txt,1.708,5.9,0.985,1.309,1.585,1.824,1.364,0.864,1.209,1.111,0.641,13.52,b,a,1
spice/generated/xor2_0013.cir,spice/outputs/xor2_0013_output.txt,1.647,102.5,0.554,1.48,1.469,0.591,1.592,1.701,0.664,0.787,1.304,3.66,a,b,1
spice/generated/xor2_0014.cir,spice/outputs/xor2_0014_output.txt,1.678,104.3,0.575,1.712,1.784,0.647,1.478,1.311,0.522,0.64,1.63,5.49,b,a,1
spice/generated/xor2_0015.cir,spice/outputs/xor2_0015_output.txt,1.689,102.7,1.402,0.747,0.503,1.086,1.89,1.678,0.928,1.545,1.596,15.88,b,a,0
spice/generated/xor2_0016.cir,spice/outputs/xor2_0016_output.txt,1.514,-4.1,0.558,1.604,0.591,0.97,0.575,1.215,1.879,1.297,0.585,10.65,a,b,0
spice/generated/xor2_0017.cir,spice/outputs/xor2_0017_output.txt,1.757,71.4,0.735,0.68,1.835,0.869,1.392,1.429,1.129,1.376,1.284,18.76,a,b,1
spice/generated/xor2_0018.cir,spice/outputs/xor2_0018_output.txt,1.543,25.3,1.172,0.95,0.974,1.628,0.609,1.187,1.998,1.994,0.61,5.05,b,a,0
spice/generated/xor2_0019.cir,spice/outputs/xor2_0019_output.txt,1.96,105.3,1.379,1.054,0.737,1.751,1.555,1.418,1.981,1.481,0.512,16.52,b,a,0
spice/generated/xor2_0020.cir,spice/outputs/xor2_0020_output.txt,1.963,-17.8,0.615,0.661,1.33,0.909,1.407,1.576,0.805,1.451,0.896,10.28,a,b,0
spice/generated/xor2_0021.cir,spice/outputs/xor2_0021_output.txt,1.781,96.8,0.544,1.0,0.696,1.97,0.742,1.163,1.559,1.341,0.668,18.96,a,b,0
spice/generated/xor2_0022.cir,spice/outputs/xor2_0022_output.txt,1.901,56.1,0.648,0.691,0.962,1.848,1.694,1.791,1.848,0.815,0.874,2.95,b,a,0
spice/generated/xor2_0023.cir,spice/outputs/xor2_0023_output.txt,1.955,-0.9,0.663,1.7,0.766,1.118,0.769,1.887,1.674,1.118,1.505,14.97,a,b,1
spice/generated/xor2_0024.cir,spice/outputs/xor2_0024_output.txt,1.496,75.7,0.883,0.558,1.206,0.799,1.878,1.024,1.731,1.807,0.834,13.54,b,a,1
spice/generated/xor2_0025.cir,spice/outputs/xor2_0025_output.txt,1.567,-28.5,1.273,1.027,1.264,1.519,1.765,0.997,0.541,1.816,0.892,12.03,b,a,0
spice/generated/xor2_0026.cir,spice/outputs/xor2_0026_output.txt,1.465,31.7,1.229,0.971,1.409,1.267,1.078,1.365,0.882,1.563,0.503,18.59,a,b,1
spice/generated/xor2_0027.cir,spice/outputs/xor2_0027_output.txt,1.659,116.6,1.421,1.435,1.495,0.687,1.85,1.261,1.5,0.989,1.546,11.53,a,b,1
spice/generated/xor2_0028.cir,spice/outputs/xor2_0028_output.txt,1.799,22.6,1.248,0.761,1.354,1.109,1.751,0.956,0.815,1.679,1.41,7.12,b,a,1
spice/generated/xor2_0029.cir,spice/outputs/xor2_0029_output.txt,1.805,44.3,1.294,1.94,1.604,1.488,0.926,1.496,1.429,0.64,1.928,5.46,b,a,0
spice/generated/xor2_0030.cir,spice/outputs/xor2_0030_output.txt,1.884,-15.7,0.546,1.976,1.417,1.653,1.183,1.829,1.364,1.578,1.076,8.59,a,b,0
spice/generated/xor2_0031.cir,spice/outputs/xor2_0031_output.txt,1.936,102.0,1.385,1.668,0.828,1.706,1.544,1.197,1.336,1.876,0.682,3.53,b,a,1
spice/generated/xor2_0032.cir,spice/outputs/xor2_0032_output.txt,1.97,107.1,1.113,1.579,1.257,1.746,1.322,1.846,1.615,1.212,0.889,5.7,b,a,1
spice/generated/xor2_0033.cir,spice/outputs/xor2_0033_output.txt,1.776,5.3,0.577,0.929,0.908,0.98,1.31,0.708,0.847,1.541,1.56,2.22,b,a,1
spice/generated/xor2_0034.cir,spice/outputs/xor2_0034_output.txt,1.726,28.6,0.707,1.13,1.857,1.376,1.543,1.785,1.648,1.071,0.509,7.68,b,a,1
spice/generated/xor2_0035.cir,spice/outputs/xor2_0035_output.txt,1.723,81.2,1.3,1.847,1.232,0.909,1.228,1.083,1.503,1.697,1.586,16.97,a,b,0
spice/generated/xor2_0036.cir,spice/outputs/xor2_0036_output.txt,1.944,57.7,1.163,0.626,1.143,1.8,0.773,0.89,0.991,1.182,1.006,17.71,b,a,1
spice/generated/xor2_0037.cir,spice/outputs/xor2_0037_output.txt,1.551,-26.5,0.519,1.309,2.0,1.025,1.475,1.672,1.478,1.631,1.924,4.79,a,b,0
spice/generated/xor2_0038.cir,spice/outputs/xor2_0038_output.txt,1.543,38.1,0.614,1.922,1.198,0.884,1.053,1.409,1.946,1.578,1.667,4.11,b,a,0
spice/generated/xor2_0039.cir,spice/outputs/xor2_0039_output.txt,1.747,113.3,1.076,1.862,1.063,1.912,0.797,1.388,1.746,0.864,1.546,6.73,a,b,0
spice/generated/xor2_0040.cir,spice/outputs/xor2_0040_output.txt,1.608,30.7,0.871,1.259,1.012,1.774,1.733,0.658,1.941,1.453,1.743,14.44,b,a,0
spice/generated/xor2_0041.cir,spice/outputs/xor2_0041_output.txt,1.84,119.3,0.77,1.712,1.307,1.225,1.153,1.597,0.903,1.778,1.746,2.65,b,a,0
spice/generated/xor2_0042.cir,spice/outputs/xor2_0042_output.txt,1.85,54.0,1.168,1.005,1.241,0.988,1.231,1.032,0.888,0.919,1.394,17.72,a,b,0
spice/generated/xor2_0043.cir,spice/outputs/xor2_0043_output.txt,1.451,78.8,0.989,1.637,1.536,1.469,1.236,1.689,0.64,0.832,1.538,6.82,b,a,1
spice/generated/xor2_0044.cir,spice/outputs/xor2_0044_output.txt,1.732,16.7,1.497,1.326,1.028,1.181,0.96,0.846,1.582,0.973,1.614,19.07,a,b,0
spice/generated/xor2_0045.cir,spice/outputs/xor2_0045_output.txt,1.53,39.9,1.225,1.965,1.287,0.924,0.651,0.791,0.841,0.769,0.521,11.15,b,a,0
spice/generated/xor2_0046.cir,spice/outputs/xor2_0046_output.txt,1.985,51.3,1.197,0.689,1.803,1.236,1.809,1.361,1.204,1.161,0.777,1.98,b,a,0
spice/generated/xor2_0047.cir,spice/outputs/xor2_0047_output.txt,1.893,26.1,0.574,1.444,0.58,0.724,1.344,0.956,1.991,0.678,1.647,12.52,a,b,1
spice/generated/xor2_0048.cir,spice/outputs/xor2_0048_output.txt,1.67,33.0,1.36,1.985,0.958,1.432,1.414,1.61,1.921,0.812,0.817,13.55,a,b,0
spice/generated/xor2_0049.cir,spice/outputs/xor2_0049_output.txt,1.504,-27.6,0.503,1.176,1.391,0.937,0.847,1.56,1.554,1.181,1.531,18.55,a,b,1
spice/generated/xor2_0050.cir,spice/outputs/xor2_0050_output.txt,1.469,-2.9,0.649,0.898,0.713,0.589,1.689,1.393,1.736,1.882,1.159,9.91,b,a,1
spice/generated/xor2_0051.cir,spice/outputs/xor2_0051_output.txt,1.966,42.6,0.994,0.621,0.56,1.148,0.983,0.876,0.637,1.943,1.754,11.93,a,b,1
spice/generated/xor2_0052.cir,spice/outputs/xor2_0052_output.txt,1.746,85.9,0.675,1.278,1.163,0.917,1.995,1.154,1.721,1.954,1.205,8.76,b,a,0
spice/generated/xor2_0053.cir,spice/outputs/xor2_0053_output.txt,1.915,14.4,1.194,0.932,1.918,1.72,1.325,1.182,0.972,0.985,1.955,8.68,a,b,1
spice/generated/xor2_0054.cir,spice/outputs/xor2_0054_output.txt,1.648,-9.0,0.862,1.635,1.438,1.64,0.805,1.324,1.892,1.157,1.547,3.31,a,b,0
spice/generated/xor2_0055.cir,spice/outputs/xor2_0055_output.txt,1.586,-37.7,0.908,0.837,1.762,0.67,1.921,1.472,0.731,1.899,0.938,14.4,b,a,1
spice/generated/xor2_0056.cir,spice/outputs/xor2_0056_output.txt,1.988,0.2,1.051,1.075,1.883,1.262,1.819,1.796,0.914,1.685,1.122,18.75,b,a,0
spice/generated/xor2_0057.cir,spice/outputs/xor2_0057_output.txt,1.57,9.3,1.087,1.998,1.234,0.723,1.308,1.018,1.328,1.315,1.183,7.11,a,b,0
spice/generated/xor2_0058.cir,spice/outputs/xor2_0058_output.txt,1.743,-1.5,1.276,0.565,1.617,1.558,1.717,1.079,1.496,1.731,1.971,10.41,a,b,0
spice/generated/xor2_0059.cir,spice/outputs/xor2_0059_output.txt,1.701,57.4,1.37,1.811,1.16,1.289,1.185,1.584,1.115,1.482,0.732,9.92,b,a,1
spice/generated/xor2_0060.cir,spice/outputs/xor2_0060_output.txt,1.774,25.6,0.58,0.993,1.512,1.3,1.931,1.44,1.831,1.232,1.312,12.73,a,b,1
spice/generated/xor2_0061.cir,spice/outputs/xor2_0061_output.txt,1.998,83.2,0.934,0.648,1.451,1.809,1.166,1.541,1.855,0.569,1.694,6.57,b,a,1
spice/generated/xor2_0062.cir,spice/outputs/xor2_0062_output.txt,1.487,47.6,1.066,1.689,0.755,0.618,1.806,1.43,0.861,1.869,0.715,9.76,b,a,1
spice/generated/xor2_0063.cir,spice/outputs/xor2_0063_output.txt,1.553,-38.4,1.305,1.852,1.516,0.737,1.163,1.018,1.381,1.458,1.136,5.75,b,a,0
spice/generated/xor2_0064.cir,spice/outputs/xor2_0064_output.txt,2.0,100.8,0.607,1.072,1.038,0.944,1.549,0.533,1.745,1.094,0.512,17.44,a,b,1
spice/generated/xor2_0065.cir,spice/outputs/xor2_0065_output.txt,1.9,109.0,1.276,0.845,1.703,0.829,0.785,0.876,1.633,1.651,1.521,3.6,a,b,0
spice/generated/xor2_0066.cir,spice/outputs/xor2_0066_output.txt,1.585,32.7,1.08,1.599,0.635,0.943,1.621,0.763,0.698,1.309,1.957,11.09,b,a,0
spice/generated/xor2_0067.cir,spice/outputs/xor2_0067_output.txt,1.554,96.1,0.982,1.71,1.62,1.008,0.673,1.944,0.711,1.95,1.79,14.76,b,a,1
spice/generated/xor2_0068.cir,spice/outputs/xor2_0068_output.txt,1.454,25.1,0.764,0.685,1.053,1.624,0.893,1.072,1.458,1.057,1.512,9.96,b,a,0
spice/generated/xor2_0069.cir,spice/outputs/xor2_0069_output.txt,1.789,64.8,0.964,1.552,1.474,0.675,0.568,0.556,1.994,0.674,0.852,11.21,b,a,1
spice/generated/xor2_0070.cir,spice/outputs/xor2_0070_output.txt,1.623,116.6,1.196,1.31,1.381,1.59,1.828,1.482,1.751,1.423,1.909,6.32,b,a,0
spice/generated/xor2_0071.cir,spice/outputs/xor2_0071_output.txt,1.666,116.8,1.355,0.649,1.529,1.317,1.967,1.038,1.097,0.785,0.683,17.11,b,a,0
spice/generated/xor2_0072.cir,spice/outputs/xor2_0072_output.txt,1.798,65.9,1.097,0.532,1.68,0.865,0.689,1.347,0.603,1.648,0.811,5.1,a,b,1
spice/generated/xor2_0073.cir,spice/outputs/xor2_0073_output.txt,1.865,90.1,1.096,0.916,1.976,1.981,1.31,1.698,0.665,1.8,0.698,7.81,a,b,1
spice/generated/xor2_0074.cir,spice/outputs/xor2_0074_output.txt,1.409,3.8,0.627,1.131,0.67,0.595,1.172,1.043,1.39,1.178,0.832,12.69,b,a,1
spice/generated/xor2_0075.cir,spice/outputs/xor2_0075_output.txt,1.786,-34.9,1.499,1.771,1.139,0.662,1.569,1.165,1.849,0.983,0.723,3.4,b,a,1
spice/generated/xor2_0076.cir,spice/outputs/xor2_0076_output.txt,1.997,47.5,0.954,1.408,0.649,1.553,1.779,1.476,1.653,1.581,0.823,9.58,a,b,1
spice/generated/xor2_0077.cir,spice/outputs/xor2_0077_output.txt,1.603,34.8,0.916,0.643,1.14,1.498,1.061,0.729,1.884,0.601,1.748,2.77,a,b,1
spice/generated/xor2_0078.cir,spice/outputs/xor2_0078_output.txt,1.887,51.8,1.086,1.342,0.994,0.683,1.03,1.498,1.625,1.802,1.582,19.4,b,a,1
spice/generated/xor2_0079.cir,spice/outputs/xor2_0079_output.txt,1.462,43.7,0.655,1.223,1.771,1.025,1.334,0.672,0.918,0.839,1.144,11.66,a,b,1
spice/generated/xor2_0080.cir,spice/outputs/xor2_0080_output.txt,1.417,5.1,1.262,1.882,1.027,0.772,0.715,1.486,0.604,1.611,1.958,2.74,a,b,1
spice/generated/xor2_0081.cir,spice/outputs/xor2_0081_output.txt,1.652,16.2,0.87,1.582,1.665,1.351,0.627,0.579,0.736,1.427,1.511,6.17,b,a,1
spice/generated/xor2_0082.cir,spice/outputs/xor2_0082_output.txt,1.764,28.3,0.716,1.269,1.018,0.666,1.517,1.39,1.29,0.963,0.831,19.7,a,b,0
spice/generated/xor2_0083.cir,spice/outputs/xor2_0083_output.txt,1.523,116.0,1.267,1.646,0.934,0.68,1.246,1.146,0.694,1.299,0.845,11.62,b,a,0
spice/generated/xor2_0084.cir,spice/outputs/xor2_0084_output.txt,1.638,82.4,0.936,1.19,0.617,0.97,1.144,1.107,1.46,0.934,1.108,19.36,a,b,1
spice/generated/xor2_0085.cir,spice/outputs/xor2_0085_output.txt,1.899,111.8,0.588,1.767,0.865,1.383,1.286,1.094,0.965,1.009,1.0,4.19,a,b,0
spice/generated/xor2_0086.cir,spice/outputs/xor2_0086_output.txt,1.944,17.6,1.227,1.728,1.723,0.854,0.72,0.796,1.404,1.64,1.483,4.37,b,a,1
spice/generated/xor2_0087.cir,spice/outputs/xor2_0087_output.txt,1.853,85.4,0.949,1.886,1.347,1.453,1.437,1.796,1.441,0.726,0.602,9.4,b,a,1
spice/generated/xor2_0088.cir,spice/outputs/xor2_0088_output.txt,1.755,18.1,0.574,1.193,0.556,1.053,0.931,1.467,1.966,0.635,1.391,8.31,a,b,1
spice/generated/xor2_0089.cir,spice/outputs/xor2_0089_output.txt,1.945,54.3,0.688,1.408,1.252,1.937,1.176,1.716,1.756,1.974,0.626,13.28,a,b,0
spice/generated/xor2_0090.cir,spice/outputs/xor2_0090_output.txt,1.825,123.5,1.024,1.415,1.046,1.877,1.081,1.662,1.518,0.579,1.446,7.36,b,a,0
spice/generated/xor2_0091.cir,spice/outputs/xor2_0091_output.txt,1.735,23.8,0.752,1.777,1.947,1.404,0.726,0.622,1.495,1.875,0.965,13.47,b,a,0
spice/generated/xor2_0092.cir,spice/outputs/xor2_0092_output.txt,1.757,114.8,0.81,1.065,1.687,1.72,1.505,1.743,1.608,1.528,1.29,13.27,b,a,1
spice/generated/xor2_0093.cir,spice/outputs/xor2_0093_output.txt,1.411,11.0,1.451,1.013,1.649,0.788,2.0,0.732,0.944,1.682,1.262,11.26,a,b,1
spice/generated/xor2_0094.cir,spice/outputs/xor2_0094_output.txt,1.926,62.0,1.097,0.731,0.771,1.539,1.437,1.854,1.582,0.566,1.046,14.67,b,a,1
spice/generated/xor2_0095.cir,spice/outputs/xor2_0095_output.txt,1.851,89.3,0.734,0.859,1.948,1.677,1.856,0.791,1.517,1.356,1.161,15.62,b,a,1
spice/generated/xor2_0096.cir,spice/outputs/xor2_0096_output.txt,1.98,94.8,1.301,0.708,0.875,1.462,1.811,1.332,0.654,1.769,1.777,6.42,a,b,1
spice/generated/xor2_0097.cir,spice/outputs/xor2_0097_output.txt,1.67,44.7,1.331,0.638,1.866,1.725,1.827,1.896,1.122,1.095,1.061,8.34,a,b,1
spice/generated/xor2_0098.cir,spice/outputs/xor2_0098_output.txt,1.535,12.6,0.599,1.572,1.003,0.719,0.557,1.876,1.209,1.747,1.638,9.91,a,b,0
spice/generated/xor2_0099.cir,spice/outputs/xor2_0099_output.txt,1.411,-4.4,0.65,1.91,1.413,1.135,1.664,0.856,0.683,0.858,1.458,12.83,a,b,0
spice/generated/xor2_0100.cir,spice/outputs/xor2_0100_output.txt,1.902,42.5,1.036,1.448,1.363,1.578,0.937,0.502,1.029,1.356,0.781,13.7,b,a,0
spice/generated/xor2_0101.cir,spice/outputs/xor2_0101_output.txt,1.972,49.8,1.286,1.261,0.531,1.81,0.565,1.08,1.06,1.621,1.036,2.28,a,b,0
spice/generated/xor2_0102.cir,spice/outputs/xor2_0102_output.txt,1.863,81.3,0.833,0.567,1.319,1.72,0.763,1.669,1.197,1.543,1.448,16.42,a,b,1
spice/generated/xor2_0103.cir,spice/outputs/xor2_0103_output.txt,1.422,-6.7,1.291,1.829,0.973,0.965,1.097,1.723,1.21,0.555,1.47,6.44,a,b,1
spice/generated/xor2_0104.cir,spice/outputs/xor2_0104_output.txt,1.564,91.9,0.937,1.1,1.16,1.935,1.009,0.78,1.538,1.051,1.696,6.07,a,b,1
spice/generated/xor2_0105.cir,spice/outputs/xor2_0105_output.txt,1.447,59.4,1.322,1.318,0.982,0.62,1.491,0.96,1.404,1.139,1.535,7.68,a,b,1
spice/generated/xor2_0106.cir,spice/outputs/xor2_0106_output.txt,1.769,31.8,1.139,1.687,0.586,1.507,1.109,1.27,1.625,0.74,0.547,17.12,b,a,0
spice/generated/xor2_0107.cir,spice/outputs/xor2_0107_output.txt,1.476,-1.1,1.145,1.043,1.924,0.549,0.73,1.175,1.056,1.166,0.615,3.62,b,a,1
spice/generated/xor2_0108.cir,spice/outputs/xor2_0108_output.txt,1.589,6.0,1.461,0.539,0.779,1.277,1.87,0.677,1.662,1.556,0.822,12.63,b,a,0
spice/generated/xor2_0109.cir,spice/outputs/xor2_0109_output.txt,1.474,100.7,0.952,1.848,1.168,0.632,1.523,1.768,0.979,1.021,0.597,11.3,b,a,0
spice/generated/xor2_0110.cir,spice/outputs/xor2_0110_output.txt,1.827,113.0,1.138,1.691,1.263,0.682,0.801,0.708,1.686,0.539,1.331,8.01,a,b,0
spice/generated/xor2_0111.cir,spice/outputs/xor2_0111_output.txt,1.439,25.7,1.217,1.218,1.116,1.114,1.362,0.688,0.976,0.611,1.199,10.83,a,b,0
spice/generated/xor2_0112.cir,spice/outputs/xor2_0112_output.txt,1.861,-18.7,1.003,1.802,1.747,1.277,0.956,0.743,1.902,0.838,1.921,10.86,b,a,0
spice/generated/xor2_0113.cir,spice/outputs/xor2_0113_output.txt,1.55,64.8,1.051,0.688,0.954,1.3,1.254,0.753,1.912,0.731,1.488,14.69,b,a,0
spice/generated/xor2_0114.cir,spice/outputs/xor2_0114_output.txt,1.895,-35.3,0.545,1.462,1.365,1.477,1.65,1.125,1.458,1.247,1.441,6.5,b,a,1
spice/generated/xor2_0115.cir,spice/outputs/xor2_0115_output.txt,1.547,93.2,0.906,1.18,1.533,0.737,1.123,1.197,1.01,0.716,1.792,7.07,b,a,1
spice/generated/xor2_0116.cir,spice/outputs/xor2_0116_output.txt,1.478,21.1,1.062,0.979,1.2,0.901,0.872,0.645,0.935,1.076,1.423,5.72,a,b,1
spice/generated/xor2_0117.cir,spice/outputs/xor2_0117_output.txt,1.96,79.0,0.69,0.739,1.994,1.2,1.819,1.246,0.635,1.09,1.186,5.57,b,a,0
spice/generated/xor2_0118.cir,spice/outputs/xor2_0118_output.txt,1.43,41.7,1.382,1.481,1.206,1.305,1.771,1.146,1.824,1.591,1.646,7.95,b,a,0
spice/generated/xor2_0119.cir,spice/outputs/xor2_0119_output.txt,1.742,-7.9,1.053,0.61,1.256,1.647,0.92,1.984,1.521,0.678,1.963,8.48,b,a,1
spice/generated/xor2_0120.cir,spice/outputs/xor2_0120_output.txt,1.853,-7.2,1.009,1.25,0.568,0.706,1.0,1.211,1.185,1.409,1.273,7.23,b,a,0
spice/generated/xor2_0121.cir,spice/outputs/xor2_0121_output.txt,1.636,61.7,1.343,1.391,1.261,1.265,1.235,1.344,1.212,0.525,0.997,3.08,b,a,1
spice/generated/xor2_0122.cir,spice/outputs/xor2_0122_output.txt,1.878,79.7,1.188,0.54,1.212,1.951,1.674,1.664,1.366,1.582,1.375,4.24,b,a,0
spice/generated/xor2_0123.cir,spice/outputs/xor2_0123_output.txt,1.893,-0.0,1.073,1.551,0.786,1.162,1.128,1.119,0.806,1.253,1.417,9.96,a,b,0
spice/generated/xor2_0124.cir,spice/outputs/xor2_0124_output.txt,1.711,52.5,1.498,1.218,1.065,1.935,1.189,1.3,1.319,1.514,1.801,13.93,b,a,1
spice/generated/xor2_0125.cir,spice/outputs/xor2_0125_output.txt,1.515,0.7,1.058,0.837,1.959,0.946,0.934,0.811,1.557,0.976,1.023,18.74,b,a,1
spice/generated/xor2_0126.cir,spice/outputs/xor2_0126_output.txt,1.473,71.6,0.88,1.97,1.728,1.932,1.707,0.936,0.931,1.571,1.02,9.41,b,a,1
spice/generated/xor2_0127.cir,spice/outputs/xor2_0127_output.txt,1.528,96.6,0.771,1.343,0.907,0.664,1.611,0.859,0.576,1.858,0.839,5.42,a,b,1
spice/generated/xor2_0128.cir,spice/outputs/xor2_0128_output.txt,1.598,37.9,1.181,0.706,1.947,1.967,0.737,1.479,1.821,1.214,1.476,15.36,b,a,1
spice/generated/xor2_0129.cir,spice/outputs/xor2_0129_output.txt,1.571,-30.2,1.269,1.478,0.848,1.608,1.775,0.556,1.882,1.127,1.756,18.74,a,b,1
spice/generated/xor2_0130.cir,spice/outputs/xor2_0130_output.txt,1.873,-9.3,1.249,1.808,0.934,0.556,0.948,1.404,1.893,1.003,1.182,13.18,b,a,0
spice/generated/xor2_0131.cir,spice/outputs/xor2_0131_output.txt,1.911,37.2,0.693,0.669,0.744,1.188,0.886,0.779,1.605,1.686,1.352,15.39,a,b,1
spice/generated/xor2_0132.cir,spice/outputs/xor2_0132_output.txt,1.896,45.0,0.587,1.504,0.777,0.711,0.985,0.872,0.891,0.853,1.631,19.13,b,a,0
spice/generated/xor2_0133.cir,spice/outputs/xor2_0133_output.txt,1.557,19.3,0.736,1.502,1.198,0.74,1.529,1.885,1.832,1.655,1.535,13.14,b,a,1
spice/generated/xor2_0134.cir,spice/outputs/xor2_0134_output.txt,1.769,-3.8,0.634,0.73,1.622,1.409,1.124,1.324,1.206,1.306,1.496,5.15,a,b,0
spice/generated/xor2_0135.cir,spice/outputs/xor2_0135_output.txt,1.715,47.1,0.862,1.876,0.668,1.743,1.854,0.803,1.305,0.747,1.782,9.39,a,b,1
spice/generated/xor2_0136.cir,spice/outputs/xor2_0136_output.txt,1.455,44.2,1.309,1.18,1.27,1.185,0.587,1.194,1.71,1.585,1.094,16.51,a,b,0
spice/generated/xor2_0137.cir,spice/outputs/xor2_0137_output.txt,1.427,16.8,0.564,1.991,1.902,0.604,1.901,0.548,1.113,1.653,1.649,19.59,b,a,1
spice/generated/xor2_0138.cir,spice/outputs/xor2_0138_output.txt,1.996,23.1,1.37,1.86,1.063,1.524,1.493,1.309,1.48,1.022,0.768,11.21,a,b,0
spice/generated/xor2_0139.cir,spice/outputs/xor2_0139_output.txt,1.901,84.8,1.478,1.195,1.579,1.136,1.069,0.844,1.191,0.733,0.783,17.63,a,b,0
spice/generated/xor2_0140.cir,spice/outputs/xor2_0140_output.txt,1.886,29.2,1.266,1.826,0.523,0.809,0.651,0.55,1.397,1.555,0.573,15.07,b,a,1
spice/generated/xor2_0141.cir,spice/outputs/xor2_0141_output.txt,1.541,-4.2,1.364,0.585,1.256,0.934,1.724,1.597,0.978,1.397,1.509,7.09,b,a,0
spice/generated/xor2_0142.cir,spice/outputs/xor2_0142_output.txt,1.991,46.0,0.914,0.913,1.335,1.388,1.603,0.763,1.518,1.334,0.57,7.54,b,a,1
spice/generated/xor2_0143.cir,spice/outputs/xor2_0143_output.txt,1.818,27.4,0.8,0.776,1.307,0.861,0.838,1.786,0.717,1.195,0.586,8.84,b,a,0
spice/generated/xor2_0144.cir,spice/outputs/xor2_0144_output.txt,1.633,2.1,0.83,0.619,1.175,1.057,1.303,1.744,0.577,1.066,1.407,1.75,a,b,0
spice/generated/xor2_0145.cir,spice/outputs/xor2_0145_output.txt,1.883,57.0,1.171,0.826,0.813,1.861,0.955,1.863,0.818,0.785,1.612,15.19,b,a,0
spice/generated/xor2_0146.cir,spice/outputs/xor2_0146_output.txt,1.817,76.1,0.897,0.859,0.982,0.925,1.199,1.473,0.963,1.039,1.824,9.85,b,a,1
spice/generated/xor2_0147.cir,spice/outputs/xor2_0147_output.txt,1.949,21.2,0.914,1.344,0.832,0.719,0.891,1.902,1.369,1.126,0.729,7.27,b,a,0
spice/generated/xor2_0148.cir,spice/outputs/xor2_0148_output.txt,1.7,68.0,1.185,0.886,1.732,1.95,1.463,1.236,0.752,1.692,0.754,14.69,b,a,0
spice/generated/xor2_0149.cir,spice/outputs/xor2_0149_output.txt,1.95,49.5,1.142,0.588,0.551,1.77,1.918,1.502,1.647,1.119,1.764,5.4,a,b,0
spice/generated/xor2_0150.cir,spice/outputs/xor2_0150_output.txt,1.531,35.2,0.56,1.457,1.901,1.869,1.489,0.524,1.298,1.117,0.525,14.72,b,a,0
spice/generated/xor2_0151.cir,spice/outputs/xor2_0151_output.txt,1.701,75.1,0.931,1.91,0.769,1.877,1.287,0.861,1.43,0.879,1.032,16.1,a,b,1
spice/generated/xor2_0152.cir,spice/outputs/xor2_0152_output.txt,1.976,35.7,0.743,1.546,0.95,1.742,0.621,1.988,1.475,0.548,1.108,8.17,b,a,0
spice/generated/xor2_0153.cir,spice/outputs/xor2_0153_output.txt,1.782,76.0,0.583,1.768,1.467,0.997,1.966,1.961,1.842,1.879,0.845,18.12,b,a,1
spice/generated/xor2_0154.cir,spice/outputs/xor2_0154_output.txt,1.428,-27.7,1.426,1.849,1.345,0.549,1.893,0.972,1.942,1.381,1.628,14.54,b,a,0
spice/generated/xor2_0155.cir,spice/outputs/xor2_0155_output.txt,1.58,53.1,1.067,1.774,1.516,1.311,1.076,1.61,1.686,1.534,0.618,15.16,b,a,0
spice/generated/xor2_0156.cir,spice/outputs/xor2_0156_output.txt,1.459,-1.7,0.576,1.408,1.421,1.393,1.953,0.99,1.451,1.675,1.176,5.33,b,a,1
spice/generated/xor2_0157.cir,spice/outputs/xor2_0157_output.txt,1.511,56.7,0.88,1.658,0.943,0.87,0.61,0.902,1.07,1.676,0.731,8.4,b,a,0
spice/generated/xor2_0158.cir,spice/outputs/xor2_0158_output.txt,1.455,115.6,0.945,1.642,0.653,0.631,1.146,1.335,1.269,0.655,0.634,11.53,b,a,1
spice/generated/xor2_0159.cir,spice/outputs/xor2_0159_output.txt,1.407,28.3,1.279,1.587,1.339,1.989,0.864,1.282,1.528,0.754,0.903,6.1,a,b,0
spice/generated/xor2_0160.cir,spice/outputs/xor2_0160_output.txt,1.5,5.5,0.8,1.674,1.042,1.916,1.581,1.244,1.425,1.187,0.703,1.13,b,a,1
spice/generated/xor2_0161.cir,spice/outputs/xor2_0161_output.txt,1.905,22.7,1.362,1.16,1.146,1.735,1.477,1.392,0.951,1.405,1.543,10.1,a,b,1
spice/generated/xor2_0162.cir,spice/outputs/xor2_0162_output.txt,1.981,8.1,1.195,1.237,1.364,0.864,1.064,1.725,1.089,0.671,1.346,12.25,a,b,0
spice/generated/xor2_0163.cir,spice/outputs/xor2_0163_output.txt,1.972,36.2,1.208,1.158,0.937,1.539,1.728,1.693,1.114,1.249,1.45,5.6,a,b,1
spice/generated/xor2_0164.cir,spice/outputs/xor2_0164_output.txt,1.873,-27.8,1.491,1.219,1.101,1.26,1.881,1.538,1.315,1.686,1.039,18.01,a,b,0
spice/generated/xor2_0165.cir,spice/outputs/xor2_0165_output.txt,1.861,68.5,0.855,1.47,0.566,1.975,1.516,1.099,1.629,1.949,1.146,1.2,b,a,0
spice/generated/xor2_0166.cir,spice/outputs/xor2_0166_output.txt,1.706,45.6,1.081,1.363,1.169,1.087,1.659,1.383,1.251,1.017,0.537,2.99,b,a,0
spice/generated/xor2_0167.cir,spice/outputs/xor2_0167_output.txt,1.47,115.2,0.642,0.968,1.183,0.81,1.224,1.214,1.157,1.545,0.978,6.71,a,b,0
spice/generated/xor2_0168.cir,spice/outputs/xor2_0168_output.txt,1.91,66.9,1.177,0.747,1.976,0.866,0.762,0.74,1.34,1.938,0.848,8.7,a,b,0
spice/generated/xor2_0169.cir,spice/outputs/xor2_0169_output.txt,1.784,31.3,0.529,1.421,0.796,1.388,1.083,1.557,0.809,1.628,1.713,2.19,a,b,0
spice/generated/xor2_0170.cir,spice/outputs/xor2_0170_output.txt,1.619,-7.5,0.614,1.506,1.234,1.949,0.97,1.083,1.089,0.671,1.028,9.7,a,b,1
spice/generated/xor2_0171.cir,spice/outputs/xor2_0171_output.txt,1.951,57.4,1.172,0.97,0.858,0.675,1.06,0.712,1.083,1.395,1.362,9.04,b,a,0
spice/generated/xor2_0172.cir,spice/outputs/xor2_0172_output.txt,1.733,40.8,0.64,0.972,1.177,0.58,1.039,0.514,0.705,1.723,1.946,10.6,b,a,1
spice/generated/xor2_0173.cir,spice/outputs/xor2_0173_output.txt,1.811,28.6,1.34,1.233,0.624,0.546,1.642,0.938,0.912,1.306,0.752,9.69,b,a,0
spice/generated/xor2_0174.cir,spice/outputs/xor2_0174_output.txt,1.744,4.2,1.043,1.986,1.313,1.635,1.64,1.162,0.828,1.138,1.604,13.42,a,b,1
spice/generated/xor2_0175.cir,spice/outputs/xor2_0175_output.txt,1.925,-34.7,0.763,1.793,0.63,1.798,0.676,1.718,0.815,1.606,1.534,17.36,b,a,0
spice/generated/xor2_0176.cir,spice/outputs/xor2_0176_output.txt,1.77,89.5,1.314,1.708,1.355,1.298,1.395,0.753,1.969,0.939,1.359,19.1,a,b,0
spice/generated/xor2_0177.cir,spice/outputs/xor2_0177_output.txt,1.978,89.6,1.419,1.989,1.801,0.69,1.799,0.875,1.567,1.743,1.642,13.85,b,a,0
spice/generated/xor2_0178.cir,spice/outputs/xor2_0178_output.txt,1.746,4.3,0.914,1.178,1.45,1.82,0.64,1.273,0.917,1.905,1.054,19.05,b,a,0
spice/generated/xor2_0179.cir,spice/outputs/xor2_0179_output.txt,1.921,99.8,0.593,1.958,1.452,1.546,1.775,1.694,1.097,1.952,1.737,10.4,b,a,1
spice/generated/xor2_0180.cir,spice/outputs/xor2_0180_output.txt,1.603,55.4,1.066,1.228,1.016,1.524,0.573,0.649,1.676,1.189,0.686,17.3,b,a,1
spice/generated/xor2_0181.cir,spice/outputs/xor2_0181_output.txt,1.4,118.1,0.702,1.533,0.698,1.475,0.738,1.899,0.911,1.482,0.876,8.07,a,b,0
spice/generated/xor2_0182.cir,spice/outputs/xor2_0182_output.txt,1.638,10.4,1.199,0.851,1.483,1.556,0.502,1.215,0.699,0.839,1.52,1.18,b,a,0
spice/generated/xor2_0183.cir,spice/outputs/xor2_0183_output.txt,1.993,29.7,0.632,0.606,1.075,1.596,0.654,0.97,1.821,0.706,1.66,15.31,a,b,0
spice/generated/xor2_0184.cir,spice/outputs/xor2_0184_output.txt,1.441,52.9,1.11,0.746,1.027,0.82,1.622,1.88,1.424,1.164,0.826,18.04,a,b,0
spice/generated/xor2_0185.cir,spice/outputs/xor2_0185_output.txt,1.754,23.4,1.463,0.972,0.71,0.915,0.626,1.33,1.4,1.411,1.668,14.12,b,a,0
spice/generated/xor2_0186.cir,spice/outputs/xor2_0186_output.txt,1.711,44.1,1.248,0.943,0.582,1.847,1.932,1.242,0.669,1.249,1.391,11.04,a,b,1
spice/generated/xor2_0187.cir,spice/outputs/xor2_0187_output.txt,1.96,-18.2,1.361,1.353,1.048,1.524,1.644,1.932,1.656,0.525,0.601,5.98,a,b,0
spice/generated/xor2_0188.cir,spice/outputs/xor2_0188_output.txt,1.969,25.7,0.786,1.569,1.651,1.135,1.103,1.461,1.306,0.729,0.625,2.5,a,b,0
spice/generated/xor2_0189.cir,spice/outputs/xor2_0189_output.txt,1.722,24.5,1.134,1.752,1.522,0.599,1.548,1.595,1.77,0.587,0.629,9.26,b,a,0
spice/generated/xor2_0190.cir,spice/outputs/xor2_0190_output.txt,1.586,82.4,1.241,0.679,1.562,1.552,0.746,1.93,1.285,1.674,1.581,4.17,a,b,1
spice/generated/xor2_0191.cir,spice/outputs/xor2_0191_output.txt,1.84,-20.5,1.4,1.003,1.144,1.286,0.894,1.963,1.441,1.244,1.266,2.05,a,b,1
spice/generated/xor2_0192.cir,spice/outputs/xor2_0192_output.txt,1.494,87.6,1.394,1.511,0.673,1.611,0.504,1.788,0.518,0.569,1.046,18.48,a,b,0
spice/generated/xor2_0193.cir,spice/outputs/xor2_0193_output.txt,1.732,110.8,1.241,1.129,0.983,1.124,1.58,0.907,0.617,1.059,1.253,18.14,a,b,0
spice/generated/xor2_0194.cir,spice/outputs/xor2_0194_output.txt,1.883,121.9,1.454,0.603,1.198,0.923,1.767,0.991,1.33,0.512,0.801,11.71,b,a,0
spice/generated/xor2_0195.cir,spice/outputs/xor2_0195_output.txt,1.678,57.6,0.993,1.659,0.793,1.851,1.641,0.868,0.51,1.115,0.849,7.58,a,b,1
spice/generated/xor2_0196.cir,spice/outputs/xor2_0196_output.txt,1.401,68.5,1.349,1.591,0.656,1.295,0.857,1.238,0.59,1.995,1.567,2.77,a,b,1
spice/generated/xor2_0197.cir,spice/outputs/xor2_0197_output.txt,1.821,21.5,1.475,0.627,0.643,0.7,1.73,0.612,1.352,1.152,1.946,5.5,b,a,1
spice/generated/xor2_0198.cir,spice/outputs/xor2_0198_output.txt,1.956,24.8,1.332,0.989,1.179,0.85,1.915,0.704,1.655,0.663,0.658,9.54,b,a,1
spice/generated/xor2_0199.cir,spice/outputs/xor2_0199_output.txt,1.472,19.1,1.27,1.178,1.195,1.779,0.636,1.711,0.956,1.557,1.405,5.09,b,a,0
spice/generated/xor2_0200.cir,spice/outputs/xor2_0200_output.txt,1.455,1.0,0.856,1.27,1.516,0.89,1.986,0.547,1.107,1.178,1.622,5.75,b,a,0
spice/generated/xor2_0201.cir,spice/outputs/xor2_0201_output.txt,1.882,-16.9,0.512,1.746,1.974,0.696,1.736,1.058,1.445,1.467,1.373,5.92,a,b,0
spice/generated/xor2_0202.cir,spice/outputs/xor2_0202_output.txt,1.998,-7.4,1.146,1.714,0.638,1.771,1.713,0.684,1.913,0.576,1.886,9.23,b,a,1
spice/generated/xor2_0203.cir,spice/outputs/xor2_0203_output.txt,1.418,72.7,0.673,0.822,0.781,0.92,1.825,0.552,1.429,0.869,0.943,8.83,b,a,0
spice/generated/xor2_0204.cir,spice/outputs/xor2_0204_output.txt,1.453,23.2,0.919,1.464,1.696,0.874,1.991,1.315,0.529,1.074,1.57,10.11,b,a,1
spice/generated/xor2_0205.cir,spice/outputs/xor2_0205_output.txt,1.948,42.9,0.888,0.77,0.978,0.829,1.844,1.668,0.588,1.987,1.294,15.57,a,b,0
spice/generated/xor2_0206.cir,spice/outputs/xor2_0206_output.txt,1.46,68.4,0.767,1.724,1.876,0.584,1.995,0.829,1.77,1.696,1.032,16.95,a,b,0
spice/generated/xor2_0207.cir,spice/outputs/xor2_0207_output.txt,1.542,12.5,1.238,1.038,1.387,1.555,1.028,1.351,0.713,1.923,1.755,16.4,b,a,1
spice/generated/xor2_0208.cir,spice/outputs/xor2_0208_output.txt,1.505,-33.7,0.556,1.402,0.53,1.217,0.998,1.421,1.71,1.011,0.766,16.25,b,a,0
spice/generated/xor2_0209.cir,spice/outputs/xor2_0209_output.txt,1.413,56.8,1.417,1.662,1.77,1.791,1.941,1.06,1.913,1.093,0.652,6.73,a,b,0
spice/generated/xor2_0210.cir,spice/outputs/xor2_0210_output.txt,1.839,32.1,1.139,1.231,0.976,1.561,1.343,1.834,1.421,1.035,1.498,16.47,b,a,1
spice/generated/xor2_0211.cir,spice/outputs/xor2_0211_output.txt,1.84,8.6,0.678,0.503,1.553,1.359,1.776,1.656,1.351,0.773,0.977,16.37,a,b,0
spice/generated/xor2_0212.cir,spice/outputs/xor2_0212_output.txt,1.962,-16.8,1.245,0.857,1.974,0.752,1.828,0.633,1.563,1.459,1.83,9.49,b,a,0
spice/generated/xor2_0213.cir,spice/outputs/xor2_0213_output.txt,1.55,-28.8,0.757,0.662,0.502,1.079,1.599,1.954,1.827,1.24,1.068,11.37,a,b,1
spice/generated/xor2_0214.cir,spice/outputs/xor2_0214_output.txt,1.873,55.4,1.258,0.838,1.177,1.699,0.55,0.53,0.892,0.657,1.013,17.87,a,b,0
spice/generated/xor2_0215.cir,spice/outputs/xor2_0215_output.txt,1.728,108.2,0.593,1.391,1.42,1.224,0.546,1.914,0.747,1.835,0.736,2.92,a,b,0
spice/generated/xor2_0216.cir,spice/outputs/xor2_0216_output.txt,1.646,51.4,1.426,1.31,1.491,0.946,0.644,1.089,1.324,1.236,0.582,1.07,a,b,1
spice/generated/xor2_0217.cir,spice/outputs/xor2_0217_output.txt,1.894,63.1,0.98,0.645,0.81,1.457,1.966,1.21,0.673,1.677,1.206,18.0,b,a,0
spice/generated/xor2_0218.cir,spice/outputs/xor2_0218_output.txt,1.785,23.9,0.871,1.072,0.78,0.567,1.16,0.895,1.756,1.346,0.727,14.23,a,b,0
spice/generated/xor2_0219.cir,spice/outputs/xor2_0219_output.txt,1.801,93.3,0.914,1.635,0.841,0.591,1.081,1.284,1.948,1.531,1.905,11.88,a,b,1
spice/generated/xor2_0220.cir,spice/outputs/xor2_0220_output.txt,1.579,25.1,1.354,0.552,1.357,1.275,1.357,1.974,0.721,1.924,1.174,19.03,a,b,0
spice/generated/xor2_0221.cir,spice/outputs/xor2_0221_output.txt,1.885,-19.2,0.923,1.982,1.153,1.996,1.441,1.751,0.887,1.866,1.871,2.27,b,a,1
spice/generated/xor2_0222.cir,spice/outputs/xor2_0222_output.txt,1.731,101.3,1.02,1.876,0.519,1.551,1.381,1.673,0.669,0.724,1.35,12.07,a,b,0
spice/generated/xor2_0223.cir,spice/outputs/xor2_0223_output.txt,1.738,-23.3,0.786,1.303,1.016,1.116,1.075,1.228,1.413,0.556,0.913,3.73,b,a,0
spice/generated/xor2_0224.cir,spice/outputs/xor2_0224_output.txt,1.637,105.0,1.191,0.574,1.213,0.903,1.059,1.007,1.69,0.966,1.764,17.31,a,b,0
spice/generated/xor2_0225.cir,spice/outputs/xor2_0225_output.txt,1.481,120.7,0.943,1.739,0.904,1.125,1.468,0.782,0.817,1.736,1.611,15.43,b,a,0
spice/generated/xor2_0226.cir,spice/outputs/xor2_0226_output.txt,1.709,-13.8,0.811,1.26,0.703,1.777,1.819,0.543,0.789,1.749,1.755,5.74,b,a,0
spice/generated/xor2_0227.cir,spice/outputs/xor2_0227_output.txt,1.951,76.3,0.774,1.735,1.258,1.453,0.686,0.546,1.059,1.391,0.766,17.54,b,a,1
spice/generated/xor2_0228.cir,spice/outputs/xor2_0228_output.txt,1.498,107.6,1.249,1.533,0.928,1.08,0.744,1.358,1.947,1.786,1.471,13.88,b,a,1
spice/generated/xor2_0229.cir,spice/outputs/xor2_0229_output.txt,1.708,102.7,1.467,1.523,1.211,0.698,0.76,1.701,0.836,1.413,1.915,14.54,b,a,1
spice/generated/xor2_0230.cir,spice/outputs/xor2_0230_output.txt,1.937,100.5,0.959,0.827,0.953,1.281,1.435,1.377,0.511,1.999,1.95,16.95,b,a,1
spice/generated/xor2_0231.cir,spice/outputs/xor2_0231_output.txt,1.811,39.5,0.836,0.915,0.988,0.915,1.484,1.928,1.477,0.783,1.276,5.57,a,b,1
spice/generated/xor2_0232.cir,spice/outputs/xor2_0232_output.txt,1.796,72.3,1.221,1.483,1.996,0.889,1.128,1.082,0.553,1.562,1.358,4.61,a,b,1
spice/generated/xor2_0233.cir,spice/outputs/xor2_0233_output.txt,1.944,70.9,1.007,1.768,1.761,1.815,0.772,0.646,0.692,0.888,1.713,15.5,a,b,1
spice/generated/xor2_0234.cir,spice/outputs/xor2_0234_output.txt,1.793,-3.3,0.723,1.807,1.131,1.83,1.058,1.378,1.196,0.677,0.581,13.05,a,b,1
spice/generated/xor2_0235.cir,spice/outputs/xor2_0235_output.txt,1.934,42.6,1.367,1.073,0.948,0.581,1.781,0.706,0.8,1.114,1.354,18.23,b,a,0
spice/generated/xor2_0236.cir,spice/outputs/xor2_0236_output.txt,1.59,78.1,1.279,1.231,1.447,0.765,1.452,0.507,0.91,1.642,0.753,15.53,b,a,0
spice/generated/xor2_0237.cir,spice/outputs/xor2_0237_output.txt,1.478,31.6,0.929,1.144,1.216,0.507,1.301,1.596,1.925,1.838,1.635,11.09,a,b,0
spice/generated/xor2_0238.cir,spice/outputs/xor2_0238_output.txt,1.776,1.1,1.194,1.017,0.693,1.075,1.383,0.751,1.736,0.947,0.936,14.83,b,a,1
spice/generated/xor2_0239.cir,spice/outputs/xor2_0239_output.txt,1.933,124.3,0.843,1.852,1.039,0.783,1.922,1.877,1.105,0.843,1.591,3.49,a,b,0
spice/generated/xor2_0240.cir,spice/outputs/xor2_0240_output.txt,1.474,77.3,1.292,1.063,1.46,1.657,1.435,1.391,0.572,0.662,1.754,1.92,a,b,1
spice/generated/xor2_0241.cir,spice/outputs/xor2_0241_output.txt,1.667,-19.6,0.753,1.553,0.808,1.529,0.514,1.131,0.651,1.28,1.434,14.31,b,a,0
spice/generated/xor2_0242.cir,spice/outputs/xor2_0242_output.txt,1.707,61.9,0.783,1.677,1.247,1.414,1.667,1.747,1.96,1.037,1.115,4.05,b,a,0
spice/generated/xor2_0243.cir,spice/outputs/xor2_0243_output.txt,1.813,39.3,0.735,0.519,0.634,0.666,1.361,1.241,1.924,1.669,0.613,14.75,b,a,0
spice/generated/xor2_0244.cir,spice/outputs/xor2_0244_output.txt,1.674,121.3,0.764,0.575,1.72,1.811,1.778,1.04,1.515,1.139,0.674,17.17,a,b,0
spice/generated/xor2_0245.cir,spice/outputs/xor2_0245_output.txt,1.911,69.5,0.671,1.036,1.157,1.433,1.818,0.639,1.722,0.774,1.101,19.28,b,a,1
spice/generated/xor2_0246.cir,spice/outputs/xor2_0246_output.txt,1.814,38.9,0.922,1.829,0.75,0.699,1.59,1.972,1.767,0.656,1.867,10.17,b,a,0
spice/generated/xor2_0247.cir,spice/outputs/xor2_0247_output.txt,1.767,88.6,1.111,1.794,1.82,1.591,1.838,1.225,1.232,1.831,1.161,2.2,b,a,0
spice/generated/xor2_0248.cir,spice/outputs/xor2_0248_output.txt,1.823,71.9,1.268,1.365,1.348,1.967,1.505,1.007,1.285,1.551,0.643,13.57,a,b,1
spice/generated/xor2_0249.cir,spice/outputs/xor2_0249_output.txt,1.607,71.6,0.885,1.759,1.338,1.982,0.582,1.465,0.735,1.773,1.778,17.52,a,b,1
spice/generated/xor2_0250.cir,spice/outputs/xor2_0250_output.txt,1.592,14.6,0.778,1.26,1.326,1.068,1.726,0.618,1.166,1.36,0.632,10.47,b,a,0
spice/generated/xor2_0251.cir,spice/outputs/xor2_0251_output.txt,1.988,83.0,0.518,1.105,0.554,1.324,1.739,1.688,1.945,1.456,1.835,11.68,b,a,1
spice/generated/xor2_0252.cir,spice/outputs/xor2_0252_output.txt,1.618,-31.0,0.723,1.182,1.34,1.43,1.21,1.486,1.574,0.671,1.639,5.21,b,a,1
spice/generated/xor2_0253.cir,spice/outputs/xor2_0253_output.txt,1.898,119.1,0.792,1.283,1.553,0.569,0.746,0.711,1.575,1.582,0.66,12.61,a,b,0
spice/generated/xor2_0254.cir,spice/outputs/xor2_0254_output.txt,1.958,24.8,0.957,1.672,1.575,0.662,1.122,1.89,1.756,1.383,1.658,9.56,a,b,1
spice/generated/xor2_0255.cir,spice/outputs/xor2_0255_output.txt,1.403,81.5,1.053,1.149,1.378,1.887,1.672,1.865,1.538,0.76,1.723,2.97,b,a,1
spice/generated/xor2_0256.cir,spice/outputs/xor2_0256_output.txt,1.651,60.5,1.193,0.872,1.097,1.014,0.941,1.707,0.707,1.404,1.83,10.73,b,a,0
spice/generated/xor2_0257.cir,spice/outputs/xor2_0257_output.txt,1.521,63.0,0.791,1.018,1.509,1.972,1.475,1.937,1.256,1.541,0.984,3.19,b,a,1
spice/generated/xor2_0258.cir,spice/outputs/xor2_0258_output.txt,1.75,115.5,1.21,1.511,1.841,1.301,1.816,1.134,0.519,0.66,1.071,2.01,a,b,0
spice/generated/xor2_0259.cir,spice/outputs/xor2_0259_output.txt,1.56,89.6,1.484,1.525,0.72,0.593,1.677,0.806,1.312,1.038,1.179,12.71,a,b,1
spice/generated/xor2_0260.cir,spice/outputs/xor2_0260_output.txt,1.543,89.4,1.299,0.931,1.497,1.89,1.081,1.935,1.964,0.969,1.328,1.25,b,a,0
spice/generated/xor2_0261.cir,spice/outputs/xor2_0261_output.txt,1.772,88.9,1.37,1.745,1.867,1.557,1.471,1.633,1.32,1.405,1.664,19.32,b,a,1
spice/generated/xor2_0262.cir,spice/outputs/xor2_0262_output.txt,1.506,72.6,0.687,0.761,1.271,1.066,1.143,1.335,0.695,1.376,0.883,7.28,a,b,0
spice/generated/xor2_0263.cir,spice/outputs/xor2_0263_output.txt,1.492,13.2,0.551,1.899,1.423,1.493,1.236,1.359,1.037,1.676,0.977,5.18,a,b,0
spice/generated/xor2_0264.cir,spice/outputs/xor2_0264_output.txt,1.872,-13.7,1.043,1.105,1.024,1.825,1.495,0.997,0.94,1.925,1.427,10.02,a,b,0
spice/generated/xor2_0265.cir,spice/outputs/xor2_0265_output.txt,1.801,33.5,1.404,1.421,1.432,1.938,1.524,0.981,1.874,1.917,1.079,11.26,b,a,0
spice/generated/xor2_0266.cir,spice/outputs/xor2_0266_output.txt,1.947,95.6,0.875,1.704,1.168,0.566,1.847,0.789,1.271,1.922,0.751,19.17,a,b,0
spice/generated/xor2_0267.cir,spice/outputs/xor2_0267_output.txt,1.526,63.9,0.713,1.528,1.753,0.808,1.743,1.818,1.612,1.153,1.725,2.37,a,b,0
spice/generated/xor2_0268.cir,spice/outputs/xor2_0268_output.txt,1.676,14.7,0.588,0.581,1.691,1.337,1.362,0.841,0.888,1.082,1.445,9.23,a,b,1
spice/generated/xor2_0269.cir,spice/outputs/xor2_0269_output.txt,1.804,48.2,1.141,1.428,1.634,1.378,1.551,0.609,1.892,0.659,1.68,6.73,a,b,1
spice/generated/xor2_0270.cir,spice/outputs/xor2_0270_output.txt,1.859,32.2,0.895,1.491,1.211,1.3,0.705,1.086,1.696,1.319,1.94,3.74,b,a,0
spice/generated/xor2_0271.cir,spice/outputs/xor2_0271_output.txt,1.732,51.6,0.623,0.508,1.395,1.306,1.92,0.957,1.622,1.855,1.016,8.84,a,b,0
spice/generated/xor2_0272.cir,spice/outputs/xor2_0272_output.txt,1.51,61.8,0.753,0.672,1.506,1.351,0.582,1.627,1.985,1.323,1.467,2.39,a,b,1
spice/generated/xor2_0273.cir,spice/outputs/xor2_0273_output.txt,1.459,79.7,0.987,0.996,0.692,1.483,0.65,1.429,1.85,0.977,1.176,12.71,b,a,0
spice/generated/xor2_0274.cir,spice/outputs/xor2_0274_output.txt,1.739,20.1,0.816,1.142,0.507,0.869,0.832,1.61,1.154,1.76,0.701,14.93,b,a,1
spice/generated/xor2_0275.cir,spice/outputs/xor2_0275_output.txt,1.667,87.8,0.987,0.663,1.468,0.623,0.921,1.74,1.837,0.795,1.6,12.91,a,b,0
spice/generated/xor2_0276.cir,spice/outputs/xor2_0276_output.txt,1.91,64.2,1.313,1.368,1.654,0.819,0.555,0.891,1.841,1.31,1.481,3.82,b,a,0
spice/generated/xor2_0277.cir,spice/outputs/xor2_0277_output.txt,1.935,57.3,1.357,0.701,1.252,0.636,1.046,0.516,0.858,1.946,1.973,14.0,a,b,1
spice/generated/xor2_0278.cir,spice/outputs/xor2_0278_output.txt,1.496,53.4,1.066,1.808,0.719,1.598,1.909,0.561,1.642,0.848,0.897,5.45,a,b,1
spice/generated/xor2_0279.cir,spice/outputs/xor2_0279_output.txt,1.633,111.5,1.382,0.56,1.473,0.655,1.953,1.45,0.91,1.613,1.368,11.83,b,a,1
spice/generated/xor2_0280.cir,spice/outputs/xor2_0280_output.txt,1.619,67.8,1.335,1.275,1.064,1.861,1.275,1.029,1.802,1.23,1.223,12.48,a,b,1
spice/generated/xor2_0281.cir,spice/outputs/xor2_0281_output.txt,1.499,-27.3,1.143,0.817,0.78,1.043,1.576,0.677,0.846,1.717,1.58,10.15,b,a,1
spice/generated/xor2_0282.cir,spice/outputs/xor2_0282_output.txt,1.526,-13.4,1.333,0.534,0.565,1.36,0.742,1.444,0.559,1.358,0.584,5.91,a,b,1
spice/generated/xor2_0283.cir,spice/outputs/xor2_0283_output.txt,1.76,53.0,0.519,1.579,1.493,0.925,0.629,1.174,1.989,1.801,0.756,16.78,a,b,0
spice/generated/xor2_0284.cir,spice/outputs/xor2_0284_output.txt,1.774,44.3,0.668,1.528,1.884,1.395,0.603,1.067,0.698,0.525,1.284,18.28,b,a,0
spice/generated/xor2_0285.cir,spice/outputs/xor2_0285_output.txt,1.763,-10.7,1.402,1.4,1.817,1.297,1.629,0.64,1.489,1.853,1.309,1.02,b,a,1
spice/generated/xor2_0286.cir,spice/outputs/xor2_0286_output.txt,1.622,-32.8,1.03,0.844,1.703,1.684,1.072,1.384,1.612,1.642,1.545,2.86,a,b,1
spice/generated/xor2_0287.cir,spice/outputs/xor2_0287_output.txt,1.686,-1.6,1.359,0.925,1.815,1.113,0.784,1.564,1.684,1.367,0.677,1.14,a,b,1
spice/generated/xor2_0288.cir,spice/outputs/xor2_0288_output.txt,1.645,-22.4,0.926,1.378,0.892,1.304,1.347,1.418,1.988,1.096,0.806,11.49,b,a,0
spice/generated/xor2_0289.cir,spice/outputs/xor2_0289_output.txt,1.622,51.6,0.754,0.96,1.017,1.558,1.604,1.782,1.489,1.622,1.17,14.29,a,b,0
spice/generated/xor2_0290.cir,spice/outputs/xor2_0290_output.txt,1.529,26.1,0.838,1.326,1.546,1.56,0.741,1.947,0.508,0.637,0.718,18.59,b,a,0
spice/generated/xor2_0291.cir,spice/outputs/xor2_0291_output.txt,1.438,-3.4,0.58,0.557,1.076,1.977,1.421,1.282,1.567,1.396,1.919,16.58,b,a,1
spice/generated/xor2_0292.cir,spice/outputs/xor2_0292_output.txt,1.406,100.3,1.431,1.277,0.792,1.676,1.266,1.548,1.423,1.511,1.04,13.45,a,b,0
spice/generated/xor2_0293.cir,spice/outputs/xor2_0293_output.txt,1.998,88.6,0.853,1.093,1.379,1.277,1.605,0.603,0.635,0.927,1.745,18.39,b,a,1
spice/generated/xor2_0294.cir,spice/outputs/xor2_0294_output.txt,1.978,5.6,1.106,0.792,1.895,1.362,0.892,1.111,0.66,0.609,0.941,18.99,b,a,1
spice/generated/xor2_0295.cir,spice/outputs/xor2_0295_output.txt,1.817,119.4,1.063,1.655,1.636,1.942,1.188,1.191,1.38,0.541,0.674,2.28,a,b,0
spice/generated/xor2_0296.cir,spice/outputs/xor2_0296_output.txt,1.88,28.1,0.853,1.303,1.551,0.895,0.931,1.098,1.623,1.013,1.332,4.39,b,a,1
spice/generated/xor2_0297.cir,spice/outputs/xor2_0297_output.txt,1.531,54.7,0.683,1.619,1.895,0.785,1.606,0.852,0.863,0.898,0.844,16.86,b,a,0
spice/generated/xor2_0298.cir,spice/outputs/xor2_0298_output.txt,1.867,-20.2,0.578,1.934,1.239,0.51,1.786,1.937,1.772,1.057,0.973,18.06,b,a,1
spice/generated/xor2_0299.cir,spice/outputs/xor2_0299_output.txt,1.51,86.1,1.011,1.097,1.625,0.692,1.289,1.135,1.909,0.549,1.021,17.35,a,b,1
spice/generated/xor2_0300.cir,spice/outputs/xor2_0300_output.txt,1.986,75.2,0.96,1.534,0.518,0.816,1.372,0.988,1.419,0.89,1.323,5.51,b,a,1
spice/generated/xor2_0301.cir,spice/outputs/xor2_0301_output.txt,1.62,42.3,0.711,1.551,1.058,1.781,0.919,0.77,0.697,1.364,0.843,2.9,b,a,0
spice/generated/xor2_0302.cir,spice/outputs/xor2_0302_output.txt,1.733,101.3,0.696,1.7,1.608,1.209,0.515,1.132,0.702,1.84,1.446,11.15,b,a,1
spice/generated/xor2_0303.cir,spice/outputs/xor2_0303_output.txt,1.58,52.8,1.068,1.098,1.536,0.59,1.721,1.215,1.445,1.175,1.002,7.86,b,a,1
spice/generated/xor2_0304.cir,spice/outputs/xor2_0304_output.txt,1.412,-20.0,1.367,1.945,0.798,1.364,1.474,0.762,1.67,1.033,1.51,10.26,b,a,0
spice/generated/xor2_0305.cir,spice/outputs/xor2_0305_output.txt,1.629,7.3,1.132,0.717,0.751,1.712,1.006,1.447,1.357,1.773,0.607,4.08,a,b,1
spice/generated/xor2_0306.cir,spice/outputs/xor2_0306_output.txt,1.59,8.1,0.767,1.467,0.907,1.167,1.794,1.045,1.38,1.948,1.121,4.49,a,b,0
spice/generated/xor2_0307.cir,spice/outputs/xor2_0307_output.txt,1.837,69.2,1.44,1.551,0.62,0.75,0.655,0.596,1.818,1.323,0.54,8.54,a,b,0
spice/generated/xor2_0308.cir,spice/outputs/xor2_0308_output.txt,1.557,-14.4,1.155,1.828,0.964,0.871,0.926,1.44,0.697,1.758,0.543,13.61,b,a,1
spice/generated/xor2_0309.cir,spice/outputs/xor2_0309_output.txt,1.68,103.7,1.435,1.323,0.703,1.923,1.309,1.386,1.185,1.623,1.816,9.26,b,a,1
spice/generated/xor2_0310.cir,spice/outputs/xor2_0310_output.txt,1.689,-2.5,0.59,0.962,1.118,0.734,0.516,1.285,1.637,0.704,0.93,11.17,b,a,1
spice/generated/xor2_0311.cir,spice/outputs/xor2_0311_output.txt,1.58,86.4,1.298,1.396,1.695,1.322,0.783,1.823,1.156,0.875,1.572,13.27,b,a,0
spice/generated/xor2_0312.cir,spice/outputs/xor2_0312_output.txt,1.558,29.7,0.74,1.647,1.865,1.711,1.527,0.927,1.614,1.713,1.119,17.22,a,b,0
spice/generated/xor2_0313.cir,spice/outputs/xor2_0313_output.txt,1.574,65.1,1.118,0.908,1.434,0.782,0.529,0.574,1.302,0.779,0.653,6.11,b,a,0
spice/generated/xor2_0314.cir,spice/outputs/xor2_0314_output.txt,1.54,-15.1,0.994,1.013,0.967,1.699,1.997,1.196,1.687,0.995,1.765,19.08,a,b,1
spice/generated/xor2_0315.cir,spice/outputs/xor2_0315_output.txt,1.865,-28.2,0.97,0.788,1.762,1.726,1.742,0.683,1.652,0.873,1.657,9.42,a,b,0
spice/generated/xor2_0316.cir,spice/outputs/xor2_0316_output.txt,1.677,87.2,1.021,1.973,1.209,1.522,0.968,0.985,1.444,0.563,1.906,10.9,b,a,1
spice/generated/xor2_0317.cir,spice/outputs/xor2_0317_output.txt,1.783,-7.2,1.388,1.795,0.827,0.669,1.449,0.987,0.751,0.914,0.679,15.99,a,b,0
spice/generated/xor2_0318.cir,spice/outputs/xor2_0318_output.txt,1.749,74.0,1.188,0.732,1.656,0.873,1.25,1.529,1.008,1.954,1.639,2.14,b,a,0
spice/generated/xor2_0319.cir,spice/outputs/xor2_0319_output.txt,1.821,90.6,0.626,0.849,1.973,1.683,1.635,1.708,1.158,0.789,1.534,7.81,a,b,1
spice/generated/xor2_0320.cir,spice/outputs/xor2_0320_output.txt,1.939,40.1,0.938,0.942,1.546,0.785,0.78,1.021,1.599,0.913,1.747,18.38,a,b,0
spice/generated/xor2_0321.cir,spice/outputs/xor2_0321_output.txt,1.719,34.1,1.319,1.312,1.181,1.664,1.259,1.6,1.824,1.43,1.046,12.78,b,a,0
spice/generated/xor2_0322.cir,spice/outputs/xor2_0322_output.txt,1.795,48.9,0.887,1.286,1.246,1.327,1.42,0.984,1.461,0.666,1.285,2.27,a,b,0
spice/generated/xor2_0323.cir,spice/outputs/xor2_0323_output.txt,1.924,-6.7,0.985,0.648,1.357,1.754,1.487,1.289,1.552,0.884,1.05,12.51,a,b,0
spice/generated/xor2_0324.cir,spice/outputs/xor2_0324_output.txt,1.958,-5.6,0.991,1.835,0.62,1.702,0.591,1.337,1.907,1.124,1.054,14.46,b,a,0
spice/generated/xor2_0325.cir,spice/outputs/xor2_0325_output.txt,1.841,97.7,0.578,0.824,1.279,0.652,0.847,1.078,0.79,1.485,1.355,19.0,b,a,0
spice/generated/xor2_0326.cir,spice/outputs/xor2_0326_output.txt,1.86,55.1,1.174,1.554,1.141,0.656,1.689,1.325,1.257,1.486,1.301,12.4,b,a,1
spice/generated/xor2_0327.cir,spice/outputs/xor2_0327_output.txt,1.73,124.5,1.345,1.119,1.45,1.739,0.985,0.861,1.318,1.063,1.325,15.15,b,a,1
spice/generated/xor2_0328.cir,spice/outputs/xor2_0328_output.txt,1.668,25.5,1.226,1.974,1.394,1.276,1.99,0.953,0.951,0.833,1.784,1.41,b,a,0
spice/generated/xor2_0329.cir,spice/outputs/xor2_0329_output.txt,1.457,36.0,0.656,0.897,1.834,0.875,0.884,0.95,1.356,1.354,0.826,2.47,b,a,1
spice/generated/xor2_0330.cir,spice/outputs/xor2_0330_output.txt,1.504,96.2,1.19,1.364,1.861,1.393,0.951,1.596,1.364,0.618,0.584,15.65,b,a,1
spice/generated/xor2_0331.cir,spice/outputs/xor2_0331_output.txt,1.65,103.2,1.37,0.84,1.479,1.403,0.517,1.666,1.074,0.957,0.562,11.26,a,b,1
spice/generated/xor2_0332.cir,spice/outputs/xor2_0332_output.txt,1.701,-3.6,0.551,1.597,1.089,1.168,1.393,1.257,0.833,0.935,1.091,3.51,a,b,1
spice/generated/xor2_0333.cir,spice/outputs/xor2_0333_output.txt,1.743,-31.9,0.899,0.628,1.253,1.661,0.696,0.702,1.339,1.232,1.478,4.73,a,b,0
spice/generated/xor2_0334.cir,spice/outputs/xor2_0334_output.txt,1.443,88.2,0.823,1.886,0.634,1.508,1.135,1.022,0.981,1.391,0.536,6.79,b,a,1
spice/generated/xor2_0335.cir,spice/outputs/xor2_0335_output.txt,1.774,32.7,1.424,0.85,1.528,0.734,1.593,0.629,1.609,0.865,1.432,3.81,b,a,0
spice/generated/xor2_0336.cir,spice/outputs/xor2_0336_output.txt,1.606,92.7,0.805,1.207,0.998,1.61,0.818,1.32,1.626,1.323,1.435,19.85,a,b,1
spice/generated/xor2_0337.cir,spice/outputs/xor2_0337_output.txt,1.75,69.5,0.543,0.755,0.926,1.684,1.427,0.58,1.482,0.513,1.083,6.15,b,a,0
spice/generated/xor2_0338.cir,spice/outputs/xor2_0338_output.txt,1.411,103.1,1.149,0.847,1.071,1.965,0.649,0.973,1.8,1.297,0.78,10.51,b,a,0
spice/generated/xor2_0339.cir,spice/outputs/xor2_0339_output.txt,1.424,112.2,0.805,1.235,1.617,0.528,1.526,1.033,0.953,1.994,1.968,6.24,a,b,1
spice/generated/xor2_0340.cir,spice/outputs/xor2_0340_output.txt,1.927,106.9,1.315,0.544,1.332,0.92,0.728,1.846,1.485,0.632,1.073,19.25,a,b,1
spice/generated/xor2_0341.cir,spice/outputs/xor2_0341_output.txt,1.544,-14.8,1.471,1.865,0.994,1.313,0.81,0.708,1.312,1.7,1.794,6.87,a,b,1
spice/generated/xor2_0342.cir,spice/outputs/xor2_0342_output.txt,1.997,121.0,0.645,1.9,1.876,0.976,1.336,1.923,0.678,0.976,1.819,14.81,b,a,1
spice/generated/xor2_0343.cir,spice/outputs/xor2_0343_output.txt,1.977,10.1,1.246,1.733,1.455,1.608,0.728,0.782,0.697,0.539,1.979,12.72,a,b,0
spice/generated/xor2_0344.cir,spice/outputs/xor2_0344_output.txt,1.539,-35.7,0.579,1.67,0.701,1.769,1.203,1.474,0.776,1.081,1.211,4.11,a,b,0
spice/generated/xor2_0345.cir,spice/outputs/xor2_0345_output.txt,1.645,119.9,1.425,1.925,0.834,1.507,0.804,0.807,0.766,1.932,1.159,12.72,b,a,1
spice/generated/xor2_0346.cir,spice/outputs/xor2_0346_output.txt,1.933,30.5,1.276,1.412,1.736,1.58,1.091,1.909,1.358,1.304,1.462,14.38,a,b,0
spice/generated/xor2_0347.cir,spice/outputs/xor2_0347_output.txt,1.671,96.5,0.542,1.994,1.278,1.093,1.603,1.337,1.274,1.446,0.574,6.53,b,a,1
spice/generated/xor2_0348.cir,spice/outputs/xor2_0348_output.txt,1.864,7.2,0.666,0.942,1.879,1.535,1.856,1.195,1.469,0.636,1.251,4.42,a,b,1
spice/generated/xor2_0349.cir,spice/outputs/xor2_0349_output.txt,1.648,34.4,0.679,1.385,1.569,0.803,1.182,0.875,1.538,1.861,1.695,14.65,a,b,0
spice/generated/xor2_0350.cir,spice/outputs/xor2_0350_output.txt,1.468,34.2,0.863,1.286,1.076,1.687,1.267,1.925,1.068,1.071,1.652,18.33,a,b,0
spice/generated/xor2_0351.cir,spice/outputs/xor2_0351_output.txt,1.921,-10.5,1.212,1.129,0.964,1.653,1.169,1.44,0.676,0.697,0.804,12.83,b,a,0
spice/generated/xor2_0352.cir,spice/outputs/xor2_0352_output.txt,1.675,101.1,1.044,0.509,1.824,0.857,1.383,1.214,1.115,0.619,1.4,5.65,b,a,0
spice/generated/xor2_0353.cir,spice/outputs/xor2_0353_output.txt,1.429,-15.5,1.153,0.555,1.781,1.5,1.757,0.948,1.881,0.574,1.125,4.39,b,a,0
spice/generated/xor2_0354.cir,spice/outputs/xor2_0354_output.txt,1.98,83.6,0.86,0.554,1.653,0.984,1.846,1.73,1.638,1.765,0.597,9.95,a,b,1
spice/generated/xor2_0355.cir,spice/outputs/xor2_0355_output.txt,1.598,28.3,0.71,0.814,0.587,1.357,1.969,1.293,0.632,1.586,1.407,15.98,b,a,1
spice/generated/xor2_0356.cir,spice/outputs/xor2_0356_output.txt,1.765,12.2,1.025,1.993,1.031,0.695,1.344,1.28,1.448,1.239,0.77,12.58,b,a,0
spice/generated/xor2_0357.cir,spice/outputs/xor2_0357_output.txt,1.401,-36.0,1.125,0.677,1.772,1.699,1.998,1.121,1.001,1.341,1.456,1.21,a,b,1
spice/generated/xor2_0358.cir,spice/outputs/xor2_0358_output.txt,1.553,-28.8,0.8,1.325,1.651,0.671,1.0,1.094,1.353,1.94,1.748,4.69,b,a,1
spice/generated/xor2_0359.cir,spice/outputs/xor2_0359_output.txt,1.95,91.5,1.146,1.222,1.441,1.838,1.305,1.003,1.676,1.121,1.614,16.87,b,a,1
spice/generated/xor2_0360.cir,spice/outputs/xor2_0360_output.txt,1.733,-36.9,1.077,0.998,1.874,1.694,0.599,0.724,1.761,1.009,1.063,11.15,a,b,1
spice/generated/xor2_0361.cir,spice/outputs/xor2_0361_output.txt,1.512,-20.7,1.282,0.962,1.787,1.565,0.907,0.63,1.816,1.057,1.744,6.75,b,a,0
spice/generated/xor2_0362.cir,spice/outputs/xor2_0362_output.txt,1.467,89.5,1.278,1.87,1.166,0.537,1.224,1.25,0.785,1.885,1.599,10.95,b,a,0
spice/generated/xor2_0363.cir,spice/outputs/xor2_0363_output.txt,1.862,-23.8,1.482,1.274,1.989,0.808,0.555,1.081,1.797,0.674,0.966,1.84,a,b,1
spice/generated/xor2_0364.cir,spice/outputs/xor2_0364_output.txt,1.68,-32.4,1.021,1.488,0.969,1.366,0.968,1.838,0.981,0.789,0.915,7.06,b,a,0
spice/generated/xor2_0365.cir,spice/outputs/xor2_0365_output.txt,1.564,-14.0,0.614,1.937,1.339,0.654,1.314,1.324,0.907,1.915,1.706,11.91,a,b,0
spice/generated/xor2_0366.cir,spice/outputs/xor2_0366_output.txt,1.587,107.2,1.041,0.576,0.543,1.855,0.576,1.075,0.629,1.088,1.557,17.93,b,a,1
spice/generated/xor2_0367.cir,spice/outputs/xor2_0367_output.txt,1.587,94.9,1.213,1.506,1.3,1.961,1.634,1.199,0.698,1.719,1.88,9.9,b,a,1
spice/generated/xor2_0368.cir,spice/outputs/xor2_0368_output.txt,1.811,77.2,0.965,0.848,0.836,1.792,1.425,1.869,1.088,1.549,1.498,15.99,b,a,1
spice/generated/xor2_0369.cir,spice/outputs/xor2_0369_output.txt,1.693,-29.2,0.613,1.218,1.769,0.923,1.023,1.362,1.262,1.109,1.571,3.03,a,b,1
spice/generated/xor2_0370.cir,spice/outputs/xor2_0370_output.txt,1.72,26.1,0.913,1.431,1.322,1.961,1.076,1.011,1.721,1.386,1.676,9.27,b,a,0
spice/generated/xor2_0371.cir,spice/outputs/xor2_0371_output.txt,1.504,70.5,1.239,1.568,1.755,0.671,1.394,0.988,0.646,1.168,0.962,8.71,a,b,1
spice/generated/xor2_0372.cir,spice/outputs/xor2_0372_output.txt,1.596,66.4,0.561,0.826,0.708,1.371,1.632,1.715,1.636,1.491,1.179,6.54,b,a,0
spice/generated/xor2_0373.cir,spice/outputs/xor2_0373_output.txt,1.523,104.8,0.8,1.692,1.519,1.878,1.905,1.577,1.873,1.985,1.374,12.62,b,a,0
spice/generated/xor2_0374.cir,spice/outputs/xor2_0374_output.txt,1.912,-29.7,1.401,1.952,0.501,1.34,1.968,0.665,0.923,0.547,1.148,12.21,b,a,1
spice/generated/xor2_0375.cir,spice/outputs/xor2_0375_output.txt,1.644,31.8,0.711,0.76,0.709,1.333,1.765,1.04,1.126,0.933,1.809,3.39,a,b,0
spice/generated/xor2_0376.cir,spice/outputs/xor2_0376_output.txt,1.789,-16.2,1.385,1.487,1.962,0.704,0.706,1.709,1.79,1.84,1.543,18.68,a,b,1
spice/generated/xor2_0377.cir,spice/outputs/xor2_0377_output.txt,1.706,51.1,0.95,1.033,0.779,1.407,1.367,1.77,0.855,1.253,1.116,11.38,b,a,0
spice/generated/xor2_0378.cir,spice/outputs/xor2_0378_output.txt,1.987,53.7,1.205,0.67,1.222,1.536,0.713,1.597,1.975,1.976,1.668,9.83,a,b,0
spice/generated/xor2_0379.cir,spice/outputs/xor2_0379_output.txt,1.547,64.1,1.164,1.503,1.526,1.309,1.369,1.42,1.855,1.303,0.516,9.63,b,a,1
spice/generated/xor2_0380.cir,spice/outputs/xor2_0380_output.txt,1.653,118.5,1.298,0.934,0.553,1.884,1.624,1.59,1.346,0.592,1.21,4.21,a,b,1
spice/generated/xor2_0381.cir,spice/outputs/xor2_0381_output.txt,1.885,63.0,0.787,0.624,1.258,1.777,0.917,0.699,0.921,1.787,0.521,3.12,a,b,0
spice/generated/xor2_0382.cir,spice/outputs/xor2_0382_output.txt,1.795,21.0,0.675,1.674,0.854,0.771,1.291,0.55,1.976,1.951,1.393,16.61,b,a,1
spice/generated/xor2_0383.cir,spice/outputs/xor2_0383_output.txt,1.862,-0.7,0.94,1.456,0.816,1.602,1.018,1.463,1.633,0.674,0.751,8.58,b,a,1
spice/generated/xor2_0384.cir,spice/outputs/xor2_0384_output.txt,1.848,84.2,1.033,1.07,1.558,1.212,0.718,1.805,0.518,1.891,1.173,13.89,a,b,0
spice/generated/xor2_0385.cir,spice/outputs/xor2_0385_output.txt,1.951,65.2,1.456,1.148,1.877,1.788,1.002,0.901,0.647,1.482,1.087,15.69,a,b,0
spice/generated/xor2_0386.cir,spice/outputs/xor2_0386_output.txt,1.712,71.8,1.493,0.97,0.516,0.513,0.602,1.117,1.288,1.528,1.027,14.78,b,a,0
spice/generated/xor2_0387.cir,spice/outputs/xor2_0387_output.txt,1.42,62.2,0.557,1.391,1.841,0.825,1.399,0.683,1.937,0.63,1.407,8.14,a,b,0
spice/generated/xor2_0388.cir,spice/outputs/xor2_0388_output.txt,1.817,1.8,0.967,1.904,1.458,1.884,0.915,1.14,1.855,1.655,0.985,4.08,a,b,1
spice/generated/xor2_0389.cir,spice/outputs/xor2_0389_output.txt,1.866,23.2,0.833,0.59,1.933,0.897,1.161,1.238,1.893,1.415,0.768,10.35,a,b,1
spice/generated/xor2_0390.cir,spice/outputs/xor2_0390_output.txt,1.531,66.2,1.413,1.573,0.655,0.609,1.357,0.876,1.169,1.845,0.723,13.17,a,b,1
spice/generated/xor2_0391.cir,spice/outputs/xor2_0391_output.txt,1.56,75.5,1.405,1.362,1.273,1.91,1.236,1.154,1.766,1.671,1.678,11.26,a,b,1
spice/generated/xor2_0392.cir,spice/outputs/xor2_0392_output.txt,1.972,95.0,0.982,1.351,1.903,1.038,1.523,1.101,1.448,1.938,0.636,11.16,b,a,0
spice/generated/xor2_0393.cir,spice/outputs/xor2_0393_output.txt,1.905,85.5,0.79,0.805,1.332,1.951,1.491,0.948,1.085,0.66,1.533,10.24,b,a,0
spice/generated/xor2_0394.cir,spice/outputs/xor2_0394_output.txt,1.484,-8.1,1.22,1.389,1.234,0.594,1.311,0.962,1.301,1.751,1.174,19.92,a,b,1
spice/generated/xor2_0395.cir,spice/outputs/xor2_0395_output.txt,1.434,90.0,0.543,0.677,1.711,1.501,1.188,1.517,1.811,0.723,1.369,18.57,a,b,0
spice/generated/xor2_0396.cir,spice/outputs/xor2_0396_output.txt,1.693,-36.9,1.407,1.428,0.864,1.473,0.522,1.449,1.857,1.731,0.646,12.61,a,b,0
spice/generated/xor2_0397.cir,spice/outputs/xor2_0397_output.txt,1.469,58.2,1.116,0.595,0.804,1.006,1.754,1.607,1.103,0.681,1.526,11.37,b,a,0
spice/generated/xor2_0398.cir,spice/outputs/xor2_0398_output.txt,1.859,57.9,0.836,0.681,0.712,1.123,1.544,1.33,1.158,1.889,0.561,2.9,b,a,0
spice/generated/xor2_0399.cir,spice/outputs/xor2_0399_output.txt,1.409,40.3,0.506,0.769,0.634,1.478,1.83,1.124,1.711,1.659,1.539,4.92,b,a,1
spice/generated/xor2_0400.cir,spice/outputs/xor2_0400_output.txt,1.647,114.8,1.111,0.556,0.77,1.25,1.925,1.441,1.674,1.022,0.507,5.48,a,b,0
spice/generated/xor2_0401.cir,spice/outputs/xor2_0401_output.txt,1.771,102.4,1.487,1.261,1.196,1.44,0.812,0.58,0.669,0.724,1.766,18.32,b,a,0
spice/generated/xor2_0402.cir,spice/outputs/xor2_0402_output.txt,1.496,112.2,0.554,1.046,0.814,0.877,1.425,1.835,1.18,0.657,0.579,11.21,a,b,0
spice/generated/xor2_0403.cir,spice/outputs/xor2_0403_output.txt,1.691,-20.8,1.395,1.582,1.389,0.989,0.798,1.515,0.989,1.668,0.989,2.86,b,a,0
spice/generated/xor2_0404.cir,spice/outputs/xor2_0404_output.txt,1.625,-3.6,0.971,1.227,1.836,0.717,1.892,1.182,1.081,0.705,1.58,13.01,b,a,0
spice/generated/xor2_0405.cir,spice/outputs/xor2_0405_output.txt,1.602,-34.7,1.069,0.921,0.667,1.198,1.127,1.641,0.83,0.943,0.735,16.1,a,b,0
spice/generated/xor2_0406.cir,spice/outputs/xor2_0406_output.txt,1.452,101.4,0.989,1.993,1.387,1.755,0.919,1.595,1.604,0.87,0.991,12.01,a,b,0
spice/generated/xor2_0407.cir,spice/outputs/xor2_0407_output.txt,1.651,-32.7,1.491,1.6,1.256,1.139,1.091,1.715,1.545,0.647,1.243,2.58,a,b,1
spice/generated/xor2_0408.cir,spice/outputs/xor2_0408_output.txt,1.97,-18.1,0.796,1.471,0.636,1.22,0.957,1.555,1.787,1.621,0.537,9.64,a,b,1
spice/generated/xor2_0409.cir,spice/outputs/xor2_0409_output.txt,1.511,103.8,1.127,1.556,0.502,1.441,1.077,1.536,1.296,0.945,1.629,14.26,a,b,0
spice/generated/xor2_0410.cir,spice/outputs/xor2_0410_output.txt,1.772,15.4,1.432,1.272,1.865,1.046,0.577,1.074,1.198,0.561,1.05,13.32,a,b,0
spice/generated/xor2_0411.cir,spice/outputs/xor2_0411_output.txt,1.483,15.3,1.04,1.474,1.606,1.628,1.807,1.554,1.63,1.641,0.981,18.06,b,a,1
spice/generated/xor2_0412.cir,spice/outputs/xor2_0412_output.txt,1.433,21.5,0.952,1.252,1.744,1.205,1.298,1.738,1.849,1.178,1.052,13.79,a,b,0
spice/generated/xor2_0413.cir,spice/outputs/xor2_0413_output.txt,1.935,35.5,0.58,1.847,0.933,1.935,0.664,0.914,1.546,1.244,1.812,10.89,a,b,1
spice/generated/xor2_0414.cir,spice/outputs/xor2_0414_output.txt,1.65,72.6,1.432,1.211,1.13,1.607,0.532,0.784,0.533,1.703,1.752,10.87,b,a,1
spice/generated/xor2_0415.cir,spice/outputs/xor2_0415_output.txt,1.747,68.2,1.287,1.229,1.499,1.295,1.323,1.187,1.351,1.847,0.96,16.0,a,b,1
spice/generated/xor2_0416.cir,spice/outputs/xor2_0416_output.txt,1.623,7.5,1.346,0.723,0.927,1.934,1.428,0.741,1.303,0.773,0.763,14.45,a,b,0
spice/generated/xor2_0417.cir,spice/outputs/xor2_0417_output.txt,1.543,-33.2,0.817,0.69,0.891,0.777,1.344,0.552,0.975,1.016,1.059,11.26,a,b,1
spice/generated/xor2_0418.cir,spice/outputs/xor2_0418_output.txt,1.473,-35.9,1.431,1.653,1.922,1.892,0.734,1.955,1.319,1.261,1.471,6.62,b,a,0
spice/generated/xor2_0419.cir,spice/outputs/xor2_0419_output.txt,1.88,80.2,1.422,1.008,0.668,1.218,0.56,1.517,0.675,0.537,1.426,5.19,b,a,0
spice/generated/xor2_0420.cir,spice/outputs/xor2_0420_output.txt,1.596,60.3,0.695,1.29,1.672,1.651,0.794,0.625,1.774,1.516,1.936,19.54,b,a,0
spice/generated/xor2_0421.cir,spice/outputs/xor2_0421_output.txt,1.694,59.5,1.012,0.584,1.5,1.096,1.574,1.141,1.079,0.518,1.017,6.85,b,a,0
spice/generated/xor2_0422.cir,spice/outputs/xor2_0422_output.txt,1.529,106.5,1.242,1.123,1.164,0.746,1.592,1.847,1.593,1.121,1.753,12.36,a,b,0
spice/generated/xor2_0423.cir,spice/outputs/xor2_0423_output.txt,1.582,123.1,1.025,1.003,1.9,1.386,1.064,0.51,1.458,0.91,0.762,9.78,a,b,0
spice/generated/xor2_0424.cir,spice/outputs/xor2_0424_output.txt,1.512,23.0,1.054,0.563,1.739,1.752,0.956,1.339,1.195,0.54,0.504,5.99,b,a,0
spice/generated/xor2_0425.cir,spice/outputs/xor2_0425_output.txt,1.792,107.3,0.917,1.238,1.532,0.867,0.679,0.916,1.991,0.6,1.618,12.04,b,a,1
spice/generated/xor2_0426.cir,spice/outputs/xor2_0426_output.txt,1.777,38.5,1.194,0.679,1.269,1.363,1.768,0.744,0.588,0.98,1.817,3.57,a,b,0
spice/generated/xor2_0427.cir,spice/outputs/xor2_0427_output.txt,1.564,29.2,1.412,1.034,0.935,1.294,1.904,1.271,1.65,0.775,0.642,15.3,b,a,1
spice/generated/xor2_0428.cir,spice/outputs/xor2_0428_output.txt,1.896,73.0,0.801,1.528,1.533,0.644,1.37,1.735,0.519,1.277,1.06,10.21,b,a,0
spice/generated/xor2_0429.cir,spice/outputs/xor2_0429_output.txt,1.461,-14.5,0.721,0.783,1.846,1.42,1.747,1.288,1.298,1.327,1.634,3.17,b,a,0
spice/generated/xor2_0430.cir,spice/outputs/xor2_0430_output.txt,1.47,-18.3,0.517,1.022,1.537,0.709,1.163,1.981,1.285,1.955,0.758,6.79,a,b,0
spice/generated/xor2_0431.cir,spice/outputs/xor2_0431_output.txt,1.477,74.6,1.188,0.961,0.815,1.972,1.137,1.645,0.668,0.528,1.226,9.19,a,b,0
spice/generated/xor2_0432.cir,spice/outputs/xor2_0432_output.txt,1.42,68.9,1.093,1.204,1.863,0.565,0.952,0.515,0.645,0.686,1.403,12.16,a,b,0
spice/generated/xor2_0433.cir,spice/outputs/xor2_0433_output.txt,1.802,-35.2,0.646,1.619,0.916,1.37,1.028,1.783,1.671,1.419,1.257,2.3,a,b,0
spice/generated/xor2_0434.cir,spice/outputs/xor2_0434_output.txt,1.829,119.1,0.672,1.631,0.506,1.588,1.886,1.881,1.777,1.212,1.547,4.52,a,b,0
spice/generated/xor2_0435.cir,spice/outputs/xor2_0435_output.txt,1.901,121.9,0.924,1.271,1.111,1.642,0.971,1.199,1.28,1.244,1.042,6.48,a,b,0
spice/generated/xor2_0436.cir,spice/outputs/xor2_0436_output.txt,1.597,-20.9,0.784,1.401,0.968,1.964,1.166,1.331,0.936,1.783,0.783,2.32,b,a,1
spice/generated/xor2_0437.cir,spice/outputs/xor2_0437_output.txt,1.508,124.8,0.992,0.658,1.157,1.488,0.628,0.715,1.101,1.386,0.653,18.58,a,b,0
spice/generated/xor2_0438.cir,spice/outputs/xor2_0438_output.txt,1.618,-7.2,0.7,1.766,1.106,0.849,1.137,1.249,1.647,1.649,1.39,15.37,b,a,1
spice/generated/xor2_0439.cir,spice/outputs/xor2_0439_output.txt,1.685,59.5,0.904,1.227,0.918,1.652,0.662,0.876,1.246,1.443,0.702,2.89,a,b,0
spice/generated/xor2_0440.cir,spice/outputs/xor2_0440_output.txt,1.699,-35.6,0.679,1.407,0.99,0.954,1.435,1.64,1.492,1.28,1.238,9.85,b,a,1
spice/generated/xor2_0441.cir,spice/outputs/xor2_0441_output.txt,1.694,3.2,0.844,1.79,1.32,1.929,0.547,1.146,1.872,1.075,0.972,8.15,b,a,0
spice/generated/xor2_0442.cir,spice/outputs/xor2_0442_output.txt,1.42,51.8,1.36,0.955,1.559,1.237,0.702,1.574,1.231,0.664,1.513,13.54,b,a,1
spice/generated/xor2_0443.cir,spice/outputs/xor2_0443_output.txt,1.737,-14.2,0.556,0.895,1.387,1.067,1.515,1.65,0.927,0.592,1.386,3.44,b,a,1
spice/generated/xor2_0444.cir,spice/outputs/xor2_0444_output.txt,1.886,56.4,1.265,1.438,1.071,1.142,1.988,1.118,0.585,0.866,0.852,6.93,a,b,0
spice/generated/xor2_0445.cir,spice/outputs/xor2_0445_output.txt,1.921,-21.1,0.67,1.308,0.556,1.487,1.134,1.272,1.132,0.531,1.205,1.42,b,a,1
spice/generated/xor2_0446.cir,spice/outputs/xor2_0446_output.txt,1.742,13.2,0.598,1.233,1.536,0.809,1.245,1.717,1.501,0.75,0.949,19.42,a,b,1
spice/generated/xor2_0447.cir,spice/outputs/xor2_0447_output.txt,1.781,120.7,0.575,1.776,0.821,0.898,0.946,1.36,1.707,1.437,1.937,14.64,a,b,1
spice/generated/xor2_0448.cir,spice/outputs/xor2_0448_output.txt,1.564,53.5,1.031,1.141,1.021,0.615,1.736,1.257,0.95,1.495,0.97,8.87,b,a,1
spice/generated/xor2_0449.cir,spice/outputs/xor2_0449_output.txt,1.803,50.3,1.381,1.442,1.274,0.78,1.249,1.491,1.736,1.907,0.902,13.12,b,a,0
spice/generated/xor2_0450.cir,spice/outputs/xor2_0450_output.txt,1.713,20.1,0.648,0.726,1.528,0.95,1.153,0.978,1.745,0.597,0.805,8.84,b,a,0
spice/generated/xor2_0451.cir,spice/outputs/xor2_0451_output.txt,1.554,59.2,0.906,0.67,0.788,0.868,1.741,1.196,1.34,1.154,1.47,1.7,a,b,1
spice/generated/xor2_0452.cir,spice/outputs/xor2_0452_output.txt,1.482,2.6,1.304,1.488,0.764,1.779,1.946,1.229,0.53,1.789,0.626,12.43,a,b,1
spice/generated/xor2_0453.cir,spice/outputs/xor2_0453_output.txt,1.938,70.8,1.386,1.095,1.76,1.764,0.854,1.356,1.25,0.681,1.496,12.03,b,a,1
spice/generated/xor2_0454.cir,spice/outputs/xor2_0454_output.txt,1.931,-0.7,0.622,1.71,0.994,1.376,1.085,1.623,0.854,1.134,0.716,4.33,b,a,1
spice/generated/xor2_0455.cir,spice/outputs/xor2_0455_output.txt,1.645,102.4,0.556,1.3,1.549,0.669,1.319,1.212,0.87,0.917,1.676,3.75,b,a,1
spice/generated/xor2_0456.cir,spice/outputs/xor2_0456_output.txt,1.893,-36.5,1.467,1.409,1.762,1.493,1.911,1.536,1.683,0.86,1.329,6.88,b,a,0
spice/generated/xor2_0457.cir,spice/outputs/xor2_0457_output.txt,1.721,-1.0,0.942,0.512,1.941,1.891,1.877,0.951,1.904,1.635,0.946,17.33,a,b,1
spice/generated/xor2_0458.cir,spice/outputs/xor2_0458_output.txt,1.779,105.1,1.267,1.109,0.551,1.8,1.735,1.911,1.207,1.119,1.762,14.63,a,b,0
spice/generated/xor2_0459.cir,spice/outputs/xor2_0459_output.txt,1.819,43.5,0.852,1.403,1.72,1.607,1.18,0.541,0.578,1.462,1.445,16.03,a,b,0
spice/generated/xor2_0460.cir,spice/outputs/xor2_0460_output.txt,1.64,63.7,0.814,0.623,0.737,1.275,1.954,1.746,1.645,1.77,1.529,16.06,b,a,1
spice/generated/xor2_0461.cir,spice/outputs/xor2_0461_output.txt,1.687,81.3,0.761,1.531,1.74,1.699,0.798,1.122,0.773,1.815,1.917,17.8,a,b,0
spice/generated/xor2_0462.cir,spice/outputs/xor2_0462_output.txt,1.969,112.3,1.147,1.44,1.86,1.961,0.797,1.552,0.753,1.102,1.143,5.94,a,b,1
spice/generated/xor2_0463.cir,spice/outputs/xor2_0463_output.txt,1.502,53.6,0.514,1.289,1.66,1.892,1.741,1.241,0.837,0.805,1.919,16.45,b,a,1
spice/generated/xor2_0464.cir,spice/outputs/xor2_0464_output.txt,1.848,23.0,0.931,0.81,0.823,1.736,1.59,0.784,0.771,1.689,0.543,19.55,a,b,1
spice/generated/xor2_0465.cir,spice/outputs/xor2_0465_output.txt,1.944,21.0,1.184,1.187,0.515,0.7,0.985,1.54,1.53,1.57,1.563,14.99,b,a,0
spice/generated/xor2_0466.cir,spice/outputs/xor2_0466_output.txt,1.457,-30.3,0.833,0.852,1.862,1.995,1.909,1.951,1.397,1.622,0.568,5.82,b,a,1
spice/generated/xor2_0467.cir,spice/outputs/xor2_0467_output.txt,1.987,70.8,0.632,1.838,0.562,0.769,0.755,1.239,1.009,1.202,0.634,14.49,b,a,0
spice/generated/xor2_0468.cir,spice/outputs/xor2_0468_output.txt,1.556,11.7,1.479,1.249,1.96,0.922,1.041,1.145,1.854,0.895,1.744,18.61,b,a,1
spice/generated/xor2_0469.cir,spice/outputs/xor2_0469_output.txt,1.936,12.1,1.495,1.646,0.727,1.78,1.486,1.697,0.58,0.723,0.845,1.68,b,a,0
spice/generated/xor2_0470.cir,spice/outputs/xor2_0470_output.txt,1.824,32.0,1.495,1.891,0.561,1.035,1.564,1.228,1.239,1.769,1.8,3.35,a,b,0
spice/generated/xor2_0471.cir,spice/outputs/xor2_0471_output.txt,1.921,-10.2,0.668,1.263,0.909,1.836,1.379,1.375,1.957,1.289,1.356,8.91,a,b,0
spice/generated/xor2_0472.cir,spice/outputs/xor2_0472_output.txt,1.861,71.7,1.387,0.539,1.522,1.521,1.091,1.386,1.927,1.755,0.731,2.54,b,a,1
spice/generated/xor2_0473.cir,spice/outputs/xor2_0473_output.txt,1.777,4.4,1.158,0.994,0.566,1.434,1.18,1.921,2.0,1.86,1.696,3.46,a,b,1
spice/generated/xor2_0474.cir,spice/outputs/xor2_0474_output.txt,1.594,-30.8,0.571,1.928,1.072,1.098,0.767,1.948,1.798,0.634,1.779,4.1,b,a,1
spice/generated/xor2_0475.cir,spice/outputs/xor2_0475_output.txt,1.788,117.5,0.654,0.948,1.702,1.604,1.883,1.856,1.405,1.039,0.644,7.98,a,b,1
spice/generated/xor2_0476.cir,spice/outputs/xor2_0476_output.txt,1.667,24.0,0.768,1.401,0.635,1.134,1.052,0.78,1.446,0.639,1.27,19.49,a,b,0
spice/generated/xor2_0477.cir,spice/outputs/xor2_0477_output.txt,1.958,47.0,1.147,0.626,1.202,0.619,1.702,0.951,1.976,1.526,0.951,5.72,b,a,1
spice/generated/xor2_0478.cir,spice/outputs/xor2_0478_output.txt,1.741,50.9,1.417,1.27,1.266,1.12,1.197,1.58,1.719,1.033,1.378,15.6,a,b,0
spice/generated/xor2_0479.cir,spice/outputs/xor2_0479_output.txt,1.844,36.4,1.286,1.764,0.568,1.124,1.557,0.971,1.586,1.636,1.175,16.35,b,a,0
spice/generated/xor2_0480.cir,spice/outputs/xor2_0480_output.txt,1.527,-27.1,1.482,0.889,1.51,1.151,0.527,1.092,0.52,1.484,1.19,8.7,b,a,1
spice/generated/xor2_0481.cir,spice/outputs/xor2_0481_output.txt,1.771,120.7,0.861,1.511,1.535,1.092,0.954,0.688,0.521,0.668,0.524,19.44,a,b,0
spice/generated/xor2_0482.cir,spice/outputs/xor2_0482_output.txt,1.689,-16.0,0.742,1.763,1.787,1.308,0.629,1.655,0.722,1.133,0.675,18.15,b,a,1
spice/generated/xor2_0483.cir,spice/outputs/xor2_0483_output.txt,1.683,101.9,1.085,0.802,1.354,1.751,0.576,0.512,1.446,1.57,1.969,17.12,b,a,0
spice/generated/xor2_0484.cir,spice/outputs/xor2_0484_output.txt,1.692,40.2,1.091,1.417,1.518,1.725,1.232,1.571,1.292,1.133,0.974,2.21,b,a,1
spice/generated/xor2_0485.cir,spice/outputs/xor2_0485_output.txt,1.47,62.7,1.146,1.172,1.154,0.742,1.589,1.204,1.157,1.261,1.381,14.01,b,a,0
spice/generated/xor2_0486.cir,spice/outputs/xor2_0486_output.txt,1.93,79.3,0.89,1.125,1.912,1.479,1.04,1.208,1.956,0.743,0.811,14.12,a,b,1
spice/generated/xor2_0487.cir,spice/outputs/xor2_0487_output.txt,1.477,-7.1,1.106,0.651,1.124,1.991,0.955,0.814,0.571,0.527,1.821,7.78,a,b,0
spice/generated/xor2_0488.cir,spice/outputs/xor2_0488_output.txt,1.897,107.6,0.532,0.595,1.146,1.426,0.681,0.836,0.887,1.01,1.033,1.89,b,a,0
spice/generated/xor2_0489.cir,spice/outputs/xor2_0489_output.txt,1.912,104.2,1.104,0.656,0.576,1.919,1.698,1.944,1.634,1.962,1.672,12.58,a,b,0
spice/generated/xor2_0490.cir,spice/outputs/xor2_0490_output.txt,1.704,-12.4,0.618,0.808,1.042,1.593,1.562,1.643,1.248,1.806,0.731,7.91,a,b,0
spice/generated/xor2_0491.cir,spice/outputs/xor2_0491_output.txt,1.909,32.5,0.916,1.654,0.868,1.714,1.012,1.258,0.628,1.059,1.632,7.85,a,b,0
spice/generated/xor2_0492.cir,spice/outputs/xor2_0492_output.txt,1.852,47.4,1.287,0.707,1.143,1.877,1.847,1.928,1.274,1.523,1.916,9.41,a,b,0
spice/generated/xor2_0493.cir,spice/outputs/xor2_0493_output.txt,1.451,11.9,1.482,0.746,0.592,1.639,1.49,1.462,1.854,0.587,1.447,14.55,b,a,1
spice/generated/xor2_0494.cir,spice/outputs/xor2_0494_output.txt,1.641,72.3,1.054,0.956,1.614,1.864,0.512,0.92,1.292,1.881,1.55,9.48,a,b,1
spice/generated/xor2_0495.cir,spice/outputs/xor2_0495_output.txt,1.818,106.5,1.282,1.107,0.796,0.952,0.555,1.002,1.588,1.61,0.689,19.85,b,a,0
spice/generated/xor2_0496.cir,spice/outputs/xor2_0496_output.txt,1.456,51.0,1.021,1.636,0.74,0.542,1.695,1.389,0.862,1.661,1.59,19.75,a,b,0
spice/generated/xor2_0497.cir,spice/outputs/xor2_0497_output.txt,1.905,2.9,1.007,0.686,1.635,1.912,1.173,1.359,0.508,1.008,0.854,15.17,a,b,1
spice/generated/xor2_0498.cir,spice/outputs/xor2_0498_output.txt,1.58,70.0,1.315,1.359,0.71,1.066,1.606,0.658,1.275,0.789,1.668,9.63,a,b,1
spice/generated/xor2_0499.cir,spice/outputs/xor2_0499_output.txt,1.897,-26.5,0.562,1.833,1.214,1.169,1.054,1.289,1.382,1.278,1.092,6.01,b,a,1
